DeltaFuel,RefillTimeStamp,before_avg,after_avg,Origin,SupplyTimeStamp,FuelLevelLiters,time_discrepancy,fuel_discrepancy,supply_turno,refill_turno,classification,event_type
2150.08,2024-02-01T09:09:00.000000,841.792,2992.7039999999993,SST,2024-02-01T06:00:00.000000,2452.0,11340,301.9200000000001,D,D,TSNormal,Both_Events
2092.48,2024-02-02T08:04:30.000000,938.4639999999999,3037.6639999999998,SST,2024-02-02T07:00:00.000000,2347.0,3870,254.51999999999998,D,D,TSNormal,Both_Events
1179.8400000000001,2024-02-03T01:59:00.000000,1753.8880000000001,2929.9839999999995,SST,2024-02-03T08:00:00.000000,2451.0,21660,1271.1599999999999,D,N,TSAtrasado,Both_Events
1908.7999999999997,2024-02-04T00:57:00.000000,768.768,2675.2640000000006,SST,2024-02-04T08:00:00.000000,2202.0,25380,293.2000000000003,D,N,TSAtrasado,Both_Events
2024.0,2024-02-04T16:39:00.000000,1036.0,3046.1760000000004,SST,2024-02-04T08:00:00.000000,2202.0,31140,178.0,D,D,TSNormal,Both_Events
1986.8799999999999,2024-02-05T16:21:30.000000,1071.2320000000002,3050.432,SST,2024-02-05T08:00:00.000000,2177.0,30090,190.12000000000012,D,D,TSNormal,Both_Events
2203.52,2024-02-06T15:32:30.000000,782.9759999999999,2988.5440000000003,SST,2024-02-06T08:00:00.000000,2538.0,27150,334.48,D,D,TSNormal,Both_Events
1598.7200000000003,2024-02-07T17:02:30.000000,1040.2879999999998,2626.5280000000002,SURTIDOR-TRUCKSHOP,2024-02-07T17:00:37.607000,1700.0,112,101.27999999999975,D,D,TSNormal,Both_Events
1767.6800000000003,2024-02-08T08:01:00.000000,1002.8800000000001,2781.472,SST,2024-02-08T07:00:00.000000,1912.0,3660,144.3199999999997,D,D,TSNormal,Both_Events
1625.9199999999998,2024-02-09T02:55:00.000000,837.984,2462.3679999999995,SURTIDOR-TRUCKSHOP,2024-02-09T02:52:25.133000,1859.0,154,233.08000000000015,N,N,TSNormal,Both_Events
2124.48,2024-02-09T20:32:00.000000,886.8800000000001,3082.528,SST,2024-02-09T18:00:00.000000,2541.0,9120,416.52,N,N,TSNormal,Both_Events
2001.6000000000001,2024-02-12T08:33:00.000000,848.832,2839.5520000000006,SST,2024-02-12T07:00:00.000000,2268.0,5580,266.39999999999986,D,D,TSNormal,Both_Events
1787.8400000000001,2024-02-13T08:51:30.000000,877.4400000000002,2647.9039999999995,SURTIDOR-TRUCKSHOP,2024-02-13T08:49:11.910000,1966.0,138,178.15999999999985,D,D,TSNormal,Both_Events
1892.1599999999999,2024-02-14T05:10:30.000000,973.5360000000001,2865.536,SURTIDOR-TRUCKSHOP,2024-02-14T05:08:45.600000,2232.0,104,339.84000000000015,N,N,TSNormal,Both_Events
2222.4,2024-02-15T02:41:30.000000,804.8639999999999,3065.312,SURTIDOR-TRUCKSHOP,2024-02-15T02:39:51.743000,2612.0,98,389.5999999999999,N,N,TSNormal,Both_Events
1886.08,2024-02-15T23:01:00.000000,961.1200000000001,2830.656,SST,2024-02-15T18:00:00.000000,2023.0,18060,136.92000000000007,N,N,TSNormal,Both_Events
1936.96,2024-02-16T20:31:30.000000,886.048,2826.7200000000003,SST,2024-02-17T08:00:00.000000,2156.0,41310,219.03999999999996,D,N,TSAtrasado,Both_Events
1709.7600000000002,2024-02-17T15:37:00.000000,857.7280000000001,2581.216,SURTIDOR-TRUCKSHOP,2024-02-17T15:34:31.617000,1915.0,148,205.23999999999978,D,D,TSNormal,Both_Events
1787.5199999999998,2024-02-18T10:15:00.000000,798.272,2583.168,SURTIDOR-TRUCKSHOP,2024-02-18T10:12:46.570000,2065.0,133,277.48000000000025,D,D,TSNormal,Both_Events
2061.12,2024-02-19T04:34:00.000000,964.0319999999998,3068.448,P068,2024-02-18T19:00:00.000000,2369.0,34440,307.8800000000001,N,N,TSNormal,Both_Events
2044.8,2024-02-20T05:24:30.000000,984.0959999999999,3042.9759999999997,SURTIDOR-TRUCKSHOP,2024-02-20T05:21:35.720000,2254.0,174,209.20000000000005,N,N,TSNormal,Both_Events
1791.04,2024-02-20T22:48:00.000000,1223.936,3044.767999999999,SST,2024-02-21T08:00:00.000000,2013.0,33120,221.96000000000004,D,N,TSAtrasado,Both_Events
2167.68,2024-02-21T21:32:00.000000,890.9119999999999,3088.224,SURTIDOR-TRUCKSHOP,2024-02-21T21:30:16.267000,2485.0,103,317.32000000000016,N,N,TSNormal,Both_Events
1760.3199999999997,2024-02-23T14:45:00.000000,739.5199999999999,2492.1600000000003,SURTIDOR-TRUCKSHOP,2024-02-23T14:42:40.143000,2054.0,139,293.6800000000003,D,D,TSNormal,Both_Events
1812.48,2024-02-24T08:44:00.000000,1182.3039999999999,3010.816,SST,2024-02-24T07:00:00.000000,2018.0,6240,205.51999999999998,D,D,TSNormal,Both_Events
2167.6800000000003,2024-02-25T03:44:00.000000,812.7679999999999,2993.4719999999998,SST,2024-02-25T08:00:00.000000,2510.0,15360,342.3199999999997,D,N,TSAtrasado,Both_Events
2150.08,2024-02-25T21:02:30.000000,778.496,2952.6400000000003,SST,2024-02-26T08:00:00.000000,2575.0,39450,424.9200000000001,D,N,TSAtrasado,Both_Events
2192.0,2024-02-26T22:53:00.000000,769.664,2956.512,SST,2024-02-27T08:00:00.000000,2569.0,32820,377.0,D,N,TSAtrasado,Both_Events
1194.88,2024-02-28T21:44:30.000000,862.3040000000001,2994.2400000000002,SST,2024-02-29T07:00:00.000000,2398.0,33330,1203.12,D,N,TSAtrasado,Both_Events
2135.3599999999997,2024-02-29T22:23:00.000000,841.792,2982.592,SST,2024-03-01T08:00:00.000000,2430.0,34620,294.6400000000003,D,N,TSAtrasado,Both_Events
1927.04,2024-03-01T23:22:00.000000,838.208,2753.504,SURTIDOR-TRUCKSHOP,2024-03-01T23:19:46.343000,2201.0,133,273.96000000000004,N,N,TSNormal,Both_Events
1671.04,2024-03-02T17:23:00.000000,1187.072,2846.9439999999995,SST,2024-03-02T07:00:00.000000,1908.0,37380,236.96000000000004,D,D,TSNormal,Both_Events
187.19999999999982,2024-03-03T10:41:30.000000,866.144,2804.1279999999997,SST,2024-03-03T08:00:00.000000,2173.0,9690,1985.8000000000002,D,D,TSNormal,Both_Events
836.48,2024-03-04T16:14:00.000000,917.8880000000001,2893.568,SST,2024-03-04T08:00:00.000000,2200.0,29640,1363.52,D,D,TSNormal,Both_Events
1591.3600000000001,2024-03-05T10:46:00.000000,970.048,2542.9119999999994,SURTIDOR-TRUCKSHOP,2024-03-05T10:44:01.627000,1698.0,118,106.63999999999987,D,D,TSNormal,Both_Events
1923.8399999999997,2024-03-06T08:13:00.000000,844.1599999999999,2762.7519999999995,SURTIDOR-TRUCKSHOP,2024-03-06T08:10:33.917000,2171.0,146,247.1600000000003,D,D,TSNormal,Both_Events
346.8800000000001,2024-03-07T04:40:00.000000,926.048,2793.8240000000005,SST,2024-03-07T08:00:00.000000,2068.0,12000,1721.12,D,N,TSAtrasado,Both_Events
1962.2399999999998,2024-03-08T01:53:30.000000,747.7760000000001,2711.2,SST,2024-03-08T08:00:00.000000,2050.0,21990,87.76000000000022,D,N,TSAtrasado,Both_Events
2115.52,2024-03-09T09:19:00.000000,927.936,3080.8319999999994,P068,2024-03-09T08:00:00.000000,2413.0,4740,297.48,D,D,TSNormal,Both_Events
2179.2,2024-03-10T08:52:30.000000,840.448,3060.3199999999993,SST,2024-03-10T06:00:00.000000,2525.0,10350,345.8000000000002,D,D,TSNormal,Both_Events
1947.8400000000001,2024-03-11T23:00:30.000000,823.36,2771.6159999999995,SST,2024-03-12T06:00:00.000000,2206.0,25170,258.15999999999985,D,N,TSAtrasado,Both_Events
2041.92,2024-03-12T20:02:30.000000,736.992,2794.7520000000004,SST,2024-03-13T06:00:00.000000,2393.0,35850,351.0799999999999,D,N,TSAtrasado,Both_Events
2280.0,2024-03-13T16:01:30.000000,715.1999999999999,3030.2400000000002,SST,2024-03-13T06:00:00.000000,2393.0,36090,113.0,D,D,TSNormal,Both_Events
2267.8399999999997,2024-03-14T13:57:30.000000,804.7999999999998,3071.68,SST,2024-03-14T06:00:00.000000,2756.0,28650,488.1600000000003,D,D,TSNormal,Both_Events
2142.4,2024-03-16T00:59:30.000000,963.1999999999998,3113.9199999999996,SST,2024-03-16T06:00:00.000000,2305.0,18030,162.5999999999999,D,N,TSAtrasado,Both_Events
1947.52,2024-03-17T10:45:30.000000,779.2640000000001,2732.7680000000005,SURTIDOR-TRUCKSHOP,2024-03-17T10:43:24.917000,2299.0,125,351.48,D,D,TSNormal,Both_Events
1704.64,2024-03-18T10:57:00.000000,923.0080000000002,2648.8320000000003,SURTIDOR-TRUCKSHOP,2024-03-18T10:55:01.780000,1892.0,118,187.3599999999999,D,D,TSNormal,Both_Events
1530.56,2024-03-19T17:49:00.000000,787.168,2810.0159999999996,SURTIDOR-TRUCKSHOP,2024-03-19T17:50:20.267000,2262.0,80,731.44,D,D,TSAtrasado,Both_Events
2130.88,2024-03-20T15:53:30.000000,875.5199999999999,3003.648,SST,2024-03-20T08:00:00.000000,2423.0,28410,292.1199999999999,D,D,TSNormal,Both_Events
1593.28,2024-03-21T21:36:00.000000,920.608,2491.7120000000004,SURTIDOR-TRUCKSHOP,2024-03-21T21:33:18.367000,1703.0,161,109.72000000000003,N,N,TSNormal,Both_Events
1167.6799999999998,2024-03-22T16:21:30.000000,846.592,1994.464,SST,2024-03-22T07:00:00.000000,1000.0,33690,167.67999999999984,D,D,TSNormal,Both_Events
2285.76,2024-03-23T08:35:30.000000,730.4639999999999,3013.632,SST,2024-03-23T07:00:00.000000,2683.0,5730,397.2399999999998,D,D,TSNormal,Both_Events
2371.2,2024-03-24T08:30:00.000000,526.528,2912.7999999999997,SST,2024-03-24T08:00:00.000000,2866.0,1800,494.8000000000002,D,D,TSNormal,Both_Events
2096.0,2024-03-25T15:14:30.000000,725.1199999999999,2825.3120000000004,SURTIDOR-TRUCKSHOP,2024-03-25T15:12:09.407000,2446.0,140,350.0,D,D,TSNormal,Both_Events
2143.68,2024-03-26T17:33:30.000000,881.1199999999999,3045.4719999999998,SST,2024-03-26T08:00:00.000000,2420.0,34410,276.32000000000016,D,D,TSNormal,Both_Events
1938.2399999999998,2024-03-27T19:53:30.000000,899.8399999999999,2836.1279999999997,SST,2024-03-27T19:00:00.000000,2125.0,3210,186.76000000000022,N,N,TSNormal,Both_Events
2090.88,2024-03-28T16:44:00.000000,924.704,3033.44,SST,2024-03-28T08:00:00.000000,2358.0,31440,267.1199999999999,D,D,TSNormal,Both_Events
2014.08,2024-03-29T22:25:00.000000,792.576,2808.544,SST,2024-03-29T19:00:00.000000,2270.0,12300,255.92000000000007,N,N,TSNormal,Both_Events
2085.7599999999998,2024-03-30T13:06:30.000000,981.344,3085.0559999999996,SST,2024-03-30T08:00:00.000000,2287.0,18390,201.24000000000024,D,D,TSNormal,Both_Events
2226.2400000000002,2024-03-31T11:06:30.000000,559.712,2824.7039999999993,P068,2024-03-31T08:00:00.000000,2728.0,11190,501.75999999999976,D,D,TSNormal,Both_Events
2469.44,2024-04-01T10:08:00.000000,544.896,3042.3360000000002,SST,2024-04-01T06:00:00.000000,2886.0,14880,416.55999999999995,D,D,TSNormal,Both_Events
2134.72,2024-04-02T09:49:00.000000,899.872,3069.536,SST,2024-04-02T06:00:00.000000,2432.0,13740,297.2800000000002,D,D,TSNormal,Both_Events
2297.28,2024-04-03T19:17:00.000000,586.5600000000001,2879.3599999999997,SST,2024-04-04T07:00:00.000000,2581.0,42180,283.7199999999998,D,N,TSAtrasado,Both_Events
1865.6,2024-04-05T03:33:00.000000,955.4239999999998,2814.432,P068,2024-04-04T19:00:00.000000,2060.0,30780,194.4000000000001,N,N,TSNormal,Both_Events
2083.52,2024-04-05T23:35:00.000000,953.5360000000001,3028.416,SST,2024-04-06T07:00:00.000000,2386.0,26700,302.48,D,N,TSAtrasado,Both_Events
2200.64,2024-04-07T00:15:30.000000,814.3679999999998,3022.0800000000004,SST,2024-04-07T08:00:00.000000,2510.0,27870,309.3600000000001,D,N,TSAtrasado,Both_Events
1102.4,2024-04-08T16:56:30.000000,2064.032,3199.8079999999995,P068,2024-04-08T08:00:00.000000,1348.0,32190,245.5999999999999,D,D,TSNormal,Both_Events
2206.08,2024-04-10T01:53:30.000000,940.896,3176.928,SST,2024-04-10T07:00:00.000000,2348.0,18390,141.92000000000007,D,N,TSAtrasado,Both_Events
1268.4799999999998,2024-04-11T01:36:00.000000,1717.6640000000002,2983.136,SST,2024-04-11T07:00:00.000000,1800.0,19440,531.5200000000002,D,N,TSAtrasado,Both_Events
1803.52,2024-04-11T21:03:30.000000,1006.848,2798.208,SST,2024-04-12T07:00:00.000000,1922.0,35790,118.48000000000002,D,N,TSAtrasado,Both_Events
2006.0800000000002,2024-04-12T20:24:30.000000,904.7359999999999,2910.816,SST,2024-04-13T07:00:00.000000,2204.0,38130,197.91999999999985,D,N,TSAtrasado,Both_Events
1804.7999999999997,2024-04-13T20:44:00.000000,773.408,2581.28,SST,2024-04-14T07:00:00.000000,2066.0,36960,261.2000000000003,D,N,TSAtrasado,Both_Events
2146.56,2024-04-14T13:57:30.000000,825.856,2976.7360000000003,SST,2024-04-14T08:00:00.000000,2242.0,21450,95.44000000000005,D,D,TSNormal,Both_Events
2154.5600000000004,2024-04-15T13:51:30.000000,779.008,2919.616,SST,2024-04-15T09:00:00.000000,2271.0,17490,116.4399999999996,D,D,TSNormal,Both_Events
1910.0800000000002,2024-04-16T08:39:30.000000,1041.28,2942.304,SST,2024-04-16T08:00:00.000000,1905.0,2370,5.080000000000155,D,D,TSNormal,Both_Events
1366.08,2024-04-17T00:56:00.000000,1652.2240000000002,3013.2799999999997,SST,2024-04-16T19:00:00.000000,1976.0,21360,609.9200000000001,N,N,TSNormal,Both_Events
1924.4799999999998,2024-04-17T20:54:00.000000,1110.208,3057.504,SST,2024-04-17T19:00:00.000000,2138.0,6840,213.5200000000002,N,N,TSNormal,Both_Events
1992.0,2024-04-18T21:50:00.000000,1062.176,3079.424,SST,2024-04-18T19:00:00.000000,2215.0,10200,223.0,N,N,TSNormal,Both_Events
2098.24,2024-04-22T01:47:00.000000,1027.9360000000001,3147.0080000000003,SST,2024-04-21T19:00:00.000000,2205.0,24420,106.76000000000022,N,N,TSNormal,Both_Events
2260.16,2024-04-23T02:42:00.000000,751.2,3016.096,P068,2024-04-22T19:00:00.000000,2599.0,27720,338.84000000000015,N,N,TSNormal,Both_Events
1831.6799999999998,2024-04-23T22:26:00.000000,1238.4320000000002,3099.136,P068,2024-04-23T19:00:00.000000,2050.0,12360,218.32000000000016,N,N,TSNormal,Both_Events
2171.5199999999995,2024-04-25T01:46:30.000000,910.3999999999999,3129.0559999999996,SST,2024-04-24T19:00:00.000000,2455.0,24390,283.4800000000005,N,N,TSNormal,Both_Events
2195.52,2024-04-26T00:57:00.000000,939.0079999999998,3170.5919999999996,SST,2024-04-25T19:00:00.000000,2419.0,21420,223.48000000000002,N,N,TSNormal,Both_Events
2209.28,2024-04-27T21:22:00.000000,884.4480000000001,3087.168,SST,2024-04-27T19:00:00.000000,2455.0,8520,245.7199999999998,N,N,TSNormal,Both_Events
1822.7200000000003,2024-04-28T23:06:00.000000,825.76,2681.6319999999996,SST,2024-04-28T19:00:00.000000,2124.0,14760,301.27999999999975,N,N,TSNormal,Both_Events
1935.68,2024-04-29T21:59:00.000000,769.12,2720.5119999999997,SST,2024-04-29T19:00:00.000000,2257.0,10740,321.31999999999994,N,N,TSNormal,Both_Events
2171.2,2024-04-30T16:20:00.000000,858.816,3022.08,SST,2024-04-30T19:00:00.000000,2463.0,9600,291.8000000000002,N,D,TSAtrasado,Both_Events
2077.76,2024-05-01T10:43:00.000000,937.632,3030.5279999999993,SST,2024-05-01T07:00:00.000000,2320.0,13380,242.23999999999978,D,D,TSNormal,Both_Events
2088.64,2024-05-02T03:28:59.000000,961.8880000000001,3063.584,SST,2024-05-01T19:00:00.000000,2293.0,30539,204.36000000000013,N,N,TSNormal,Both_Events
1899.2000000000003,2024-05-03T08:23:00.000000,930.048,2841.0240000000003,SST,2024-05-03T07:00:00.000000,2087.0,4980,187.79999999999973,D,D,TSNormal,Both_Events
2046.7199999999998,2024-05-04T05:15:00.000000,975.936,3028.4480000000003,SST,2024-05-03T19:00:00.000000,2258.0,36900,211.2800000000002,N,N,TSNormal,Both_Events
2038.08,2024-05-04T22:20:00.000000,958.72,3014.3360000000002,SST,2024-05-04T19:00:00.000000,2288.0,12000,249.92000000000007,N,N,TSNormal,Both_Events
1945.6,2024-05-05T15:31:30.000000,1135.232,3128.352,P068,2024-05-05T08:00:00.000000,2240.0,27090,294.4000000000001,D,D,TSNormal,Both_Events
1729.6,2024-05-06T10:08:00.000000,1186.0799999999997,2935.872,P068,2024-05-06T08:00:00.000000,1926.0,7680,196.4000000000001,D,D,TSNormal,Both_Events
1955.8400000000001,2024-05-07T16:03:30.000000,1010.5920000000002,2962.432,SST,2024-05-07T08:00:00.000000,2097.0,29010,141.15999999999985,D,D,TSNormal,Both_Events
2121.92,2024-05-08T17:10:30.000000,661.3439999999999,2814.976,SST,2024-05-08T07:00:00.000000,2510.0,36630,388.0799999999999,D,D,TSNormal,Both_Events
1062.72,2024-05-09T20:17:30.000000,782.688,2997.8239999999996,SST,2024-05-09T19:00:00.000000,2540.0,4650,1477.28,N,N,TSNormal,Both_Events
984.6399999999999,2024-05-10T20:35:00.000000,1120.3200000000002,3082.2400000000002,SST,2024-05-10T19:00:00.000000,2170.0,5700,1185.3600000000001,N,N,TSNormal,Both_Events
554.2400000000002,2024-05-11T20:32:30.000000,1019.392,3059.7119999999995,SST,2024-05-11T20:00:00.000000,2237.0,1950,1682.7599999999998,N,N,TSNormal,Both_Events
1523.8400000000001,2024-05-14T01:53:00.000000,1379.5839999999996,2895.1040000000003,SST,2024-05-13T19:00:00.000000,1942.0,24780,418.15999999999985,N,N,TSNormal,Both_Events
2041.6,2024-05-14T20:45:30.000000,1039.7759999999998,3130.112,P068,2024-05-14T19:00:00.000000,2320.0,6330,278.4000000000001,N,N,TSNormal,Both_Events
2174.7200000000003,2024-05-15T17:18:30.000000,836.96,3023.84,SST,2024-05-15T07:00:00.000000,2507.0,37110,332.27999999999975,D,D,TSNormal,Both_Events
2102.7200000000003,2024-05-17T03:04:30.000000,794.048,2906.4,P068,2024-05-16T19:00:00.000000,2362.0,29070,259.27999999999975,N,N,TSNormal,Both_Events
1726.4,2024-05-17T20:22:30.000000,934.624,2664.8,P068,2024-05-17T19:00:00.000000,1851.0,4950,124.59999999999991,N,N,TSNormal,Both_Events
,,,,SST,2024-05-18T07:00:00.000000,2742.0,,,D,N,TSAtrasado,Supply_Only
2431.36,2024-05-18T13:50:00.000000,695.5840000000001,3143.136,SST,2024-05-18T19:00:00.000000,2333.0,18600,98.36000000000013,N,D,TSAtrasado,Both_Events
2068.16,2024-05-19T05:39:30.000000,963.5200000000001,3062.1440000000002,SST,2024-05-18T19:00:00.000000,2333.0,38370,264.84000000000015,N,N,TSNormal,Both_Events
1945.6,2024-05-20T03:30:00.000000,1136.4479999999999,3084.0,SST,2024-05-19T19:00:00.000000,2171.0,30600,225.4000000000001,N,N,TSNormal,Both_Events
2211.84,2024-05-21T09:35:00.000000,760.2239999999999,2995.264,SST,2024-05-21T07:00:00.000000,2625.0,9300,413.15999999999985,D,D,TSNormal,Both_Events
1686.0800000000002,2024-05-22T03:59:00.000000,1414.0480000000002,3114.6240000000003,P068,2024-05-21T19:00:00.000000,1933.0,32340,246.91999999999985,N,N,TSNormal,Both_Events
1964.16,2024-05-23T20:58:30.000000,866.3680000000002,2816.448,SST,2024-05-23T19:00:00.000000,2211.0,7110,246.83999999999992,N,N,TSNormal,Both_Events
2088.64,2024-05-24T15:44:00.000000,948.7040000000001,3069.536,P068,2024-05-24T07:00:00.000000,2406.0,31440,317.3600000000001,D,D,TSNormal,Both_Events
1889.9199999999998,2024-05-25T12:54:00.000000,1030.592,2916.2559999999994,SST,2024-05-25T07:00:00.000000,1901.0,21240,11.080000000000155,D,D,TSNormal,Both_Events
1876.1599999999999,2024-05-26T08:34:00.000000,968.9279999999999,2842.976,SST,2024-05-26T08:00:00.000000,2035.0,2040,158.84000000000015,D,D,TSNormal,Both_Events
,,,,SST,2024-05-26T19:00:00.000000,2322.0,,,N,N,TSAtrasado,Supply_Only
2056.3199999999997,2024-05-27T04:51:30.000000,905.7279999999998,2962.688,P068,2024-05-27T08:00:00.000000,836.0,11310,1220.3199999999997,D,N,TSAtrasado,Both_Events
193.92000000000007,2024-05-27T13:16:00.000000,2338.8160000000003,3032.032,P068,2024-05-27T08:00:00.000000,836.0,18960,642.0799999999999,D,D,TSNormal,Both_Events
2033.92,2024-05-28T09:29:00.000000,752.9280000000001,2970.272,P068,2024-05-28T07:00:00.000000,2664.0,8940,630.0799999999999,D,D,TSNormal,Both_Events
2226.24,2024-05-30T01:00:00.000000,939.3279999999999,3184.32,P068,2024-05-29T17:00:00.000000,2428.0,28800,201.76000000000022,D,N,TSNormal,Both_Events
1976.96,2024-05-31T03:22:00.000000,781.568,2761.3119999999994,SST,2024-05-30T17:00:00.000000,2285.0,37320,308.03999999999996,D,N,TSNormal,Both_Events
2345.92,2024-07-20T11:08:30.000000,669.6000000000001,3030.9440000000004,SST,2024-07-20T06:00:00.000000,2810.0,18510,464.0799999999999,D,D,TSNormal,Both_Events
2234.8799999999997,2024-07-21T12:51:30.000000,846.0799999999999,3105.8239999999996,SST,2024-07-21T08:00:00.000000,2543.0,17490,308.12000000000035,D,D,TSNormal,Both_Events
2124.16,2024-07-22T09:08:00.000000,893.632,3071.968,P068,2024-07-22T08:00:00.000000,2476.0,4080,351.84000000000015,D,D,TSNormal,Both_Events
2205.4399999999996,2024-07-23T15:40:30.000000,857.408,3100.8959999999997,P068,2024-07-23T07:00:00.000000,2565.0,31230,359.5600000000004,D,D,TSNormal,Both_Events
2071.68,2024-07-24T15:40:30.000000,776.192,2860.6719999999996,SST,2024-07-24T07:00:00.000000,2405.0,31230,333.32000000000016,D,D,TSNormal,Both_Events
2114.8799999999997,2024-07-25T15:23:30.000000,965.152,3072.736,SST,2024-07-25T08:00:00.000000,2136.0,26610,21.120000000000346,D,D,TSNormal,Both_Events
1965.4399999999998,2024-07-26T15:50:00.000000,642.432,2620.5439999999994,SST,2024-07-26T07:00:00.000000,2310.0,31800,344.5600000000002,D,D,TSNormal,Both_Events
2085.7599999999998,2024-07-27T16:57:30.000000,899.296,2976.7679999999996,P068,2024-07-27T08:00:00.000000,2330.0,32250,244.24000000000024,D,D,TSNormal,Both_Events
2132.16,2024-07-28T20:18:00.000000,897.1519999999998,3037.344,P068,2024-07-28T19:00:00.000000,2410.0,4680,277.84000000000015,N,N,TSNormal,Both_Events
,,,,SST,2024-07-29T19:00:00.000000,2047.0,,,N,N,TSAtrasado,Supply_Only
1438.7199999999998,2024-07-30T01:57:30.000000,1376.928,2810.048,SST,2024-07-30T07:00:00.000000,2027.0,18150,588.2800000000002,D,N,TSAtrasado,Both_Events
1997.44,2024-07-30T13:51:00.000000,1056.2879999999998,3044.8,SST,2024-07-30T19:00:00.000000,2125.0,18540,127.55999999999995,N,D,TSAtrasado,Both_Events
1696.32,2024-07-31T00:49:30.000000,1444.9920000000002,3153.3439999999996,SST,2024-07-30T19:00:00.000000,2125.0,20970,428.68000000000006,N,N,TSNormal,Both_Events
1931.8399999999997,2024-07-31T20:44:30.000000,877.6959999999999,2780.96,SST,2024-07-31T19:00:00.000000,2182.0,6270,250.1600000000003,N,N,TSNormal,Both_Events
2145.9199999999996,2024-08-03T21:47:30.000000,739.2319999999999,2885.728,P068,2024-08-03T19:00:00.000000,2300.0,10050,154.08000000000038,N,N,TSNormal,Both_Events
2204.16,2024-08-05T20:07:00.000000,830.144,3055.424,P068,2024-08-05T19:00:00.000000,2723.0,4020,518.8400000000001,N,N,TSNormal,Both_Events
2141.44,2024-08-06T21:26:00.000000,874.144,3039.7439999999997,P068,2024-08-06T19:00:00.000000,2473.0,8760,331.55999999999995,N,N,TSNormal,Both_Events
2211.2,2024-08-08T20:19:00.000000,829.024,3063.552,P068,2024-08-08T19:00:00.000000,2553.0,4740,341.8000000000002,N,N,TSNormal,Both_Events
2207.3599999999997,2024-08-10T02:02:00.000000,847.9680000000001,3079.424,P068,2024-08-09T19:00:00.000000,2562.0,25320,354.6400000000003,N,N,TSNormal,Both_Events
1841.2800000000002,2024-08-11T04:01:00.000000,884.4159999999999,2723.456,SST,2024-08-10T19:00:00.000000,2049.0,32460,207.7199999999998,N,N,TSNormal,Both_Events
1971.8400000000001,2024-08-11T22:11:30.000000,800.832,2769.184,SST,2024-08-11T19:00:00.000000,2451.0,11490,479.15999999999985,N,N,TSNormal,Both_Events
2171.52,2024-08-12T17:03:00.000000,796.032,2984.256,SST,2024-08-12T07:00:00.000000,2564.0,36180,392.48,D,D,TSNormal,Both_Events
2164.8,2024-08-13T20:55:30.000000,859.1360000000001,3039.1040000000003,P068,2024-08-13T19:00:00.000000,2490.0,6930,325.1999999999998,N,N,TSNormal,Both_Events
1946.88,2024-08-14T21:06:00.000000,888.7359999999999,2818.432,P068,2024-08-14T19:00:00.000000,2635.0,7560,688.1199999999999,N,N,TSNormal,Both_Events
2156.16,2024-08-16T05:35:00.000000,901.4399999999999,3070.2400000000002,SST,2024-08-15T19:00:00.000000,2459.0,38100,302.84000000000015,N,N,TSNormal,Both_Events
1304.0,2024-08-17T05:12:30.000000,767.4240000000001,2969.7920000000004,SST,2024-08-16T19:00:00.000000,2605.0,36750,1301.0,N,N,TSNormal,Both_Events
1956.8000000000002,2024-08-17T23:01:30.000000,1047.2,2998.1119999999996,P068,2024-08-17T19:00:00.000000,2150.0,14490,193.19999999999982,N,N,TSNormal,Both_Events
1234.2399999999998,2024-08-18T14:01:00.000000,1779.0720000000006,3034.7519999999995,,,,,,N,D,TSAtrasado,Refill_Only
2018.88,2024-08-19T09:38:00.000000,955.4559999999999,3004.064,P068,2024-08-19T07:00:00.000000,2270.0,9480,251.1199999999999,D,D,TSNormal,Both_Events
1965.12,2024-08-20T02:48:00.000000,1139.0399999999997,3111.1040000000003,SST,2024-08-19T19:00:00.000000,2223.0,28080,257.8800000000001,N,N,TSNormal,Both_Events
2129.92,2024-08-21T01:16:30.000000,960.32,3097.024,SST,2024-08-20T19:00:00.000000,2341.0,22590,211.07999999999993,N,N,TSNormal,Both_Events
2018.56,2024-08-21T21:16:30.000000,1036.5439999999999,3027.424,P068,2024-08-21T19:00:00.000000,2185.0,8190,166.44000000000005,N,N,TSNormal,Both_Events
2148.16,2024-08-22T20:21:30.000000,879.8400000000001,3031.968,SST,2024-08-22T19:00:00.000000,2413.0,4890,264.84000000000015,N,N,TSNormal,Both_Events
2144.3199999999997,2024-08-23T22:58:30.000000,916.5120000000001,3060.3839999999996,SST,2024-08-23T19:00:00.000000,2397.0,14310,252.6800000000003,N,N,TSNormal,Both_Events
1837.12,2024-08-25T04:49:30.000000,1196.704,3022.816,SST,2024-08-24T19:00:00.000000,2044.0,35370,206.8800000000001,N,N,TSNormal,Both_Events
1488.96,2024-08-26T01:56:00.000000,1530.976,3011.52,,,,,,N,N,TSAtrasado,Refill_Only
1983.04,2024-08-27T02:44:00.000000,1069.632,3073.792,P068,2024-08-26T19:00:00.000000,1200.0,27840,783.04,N,N,TSNormal,Both_Events
,,,,SST,2024-08-27T19:00:00.000000,1923.0,,,N,N,TSAtrasado,Supply_Only
1101.1200000000001,2024-08-28T01:50:00.000000,928.128,2019.5520000000001,SST,2024-08-28T07:00:00.000000,2209.0,18600,1107.8799999999999,D,N,TSAtrasado,Both_Events
2018.56,2024-08-28T10:43:00.000000,1031.9360000000001,3076.2239999999997,SST,2024-08-28T07:00:00.000000,2209.0,13380,190.44000000000005,D,D,TSNormal,Both_Events
2150.7200000000003,2024-08-29T21:57:30.000000,843.6800000000001,2994.8160000000003,P068,2024-08-29T19:00:00.000000,2484.0,10650,333.27999999999975,N,N,TSNormal,Both_Events
1818.88,2024-08-30T16:13:30.000000,1281.0880000000002,3114.6240000000003,SST,2024-08-30T07:00:00.000000,2038.0,33210,219.1199999999999,D,D,TSNormal,Both_Events
2040.32,2024-09-01T03:41:00.000000,1016.4799999999999,3066.0480000000002,SURTIDOR-TRUCKSHOP,2024-09-01T03:38:47.180000,2267.0,132,226.68000000000006,N,N,TSNormal,Both_Events
1673.6,2024-09-01T21:12:30.000000,1400.48,3088.576,SST,2024-09-01T19:00:00.000000,1954.0,7950,280.4000000000001,N,N,TSNormal,Both_Events
2094.72,2024-09-02T17:34:30.000000,808.48,2908.3199999999997,SURTIDOR-TRUCKSHOP,2024-09-02T17:32:40.543000,2450.0,109,355.2800000000002,D,D,TSNormal,Both_Events
2120.96,2024-09-03T10:49:00.000000,904.384,3038.4,P068,2024-09-03T08:00:00.000000,2422.0,10140,301.03999999999996,D,D,TSNormal,Both_Events
2346.88,2024-09-04T10:05:30.000000,594.144,2991.5199999999995,SST,2024-09-04T08:00:00.000000,2867.0,7530,520.1199999999999,D,D,TSNormal,Both_Events
2156.7999999999997,2024-09-05T15:22:30.000000,891.7119999999999,3049.7599999999998,SURTIDOR-TRUCKSHOP,2024-09-05T15:20:52.920000,2568.0,97,411.2000000000003,D,D,TSNormal,Both_Events
1824.3200000000002,2024-09-06T13:21:00.000000,1068.0639999999999,2914.304,SST,2024-09-06T08:00:00.000000,1872.0,19260,47.679999999999836,D,D,TSNormal,Both_Events
2099.2,2024-09-07T09:27:30.000000,944.96,3072.0,P068,2024-09-07T08:00:00.000000,2426.0,5250,326.8000000000002,D,D,TSNormal,Both_Events
,,,,SST,2024-09-08T08:00:00.000000,2265.0,,,D,N,TSAtrasado,Supply_Only
2047.3600000000001,2024-09-08T08:36:00.000000,1014.592,3068.5119999999997,SURTIDOR-TRUCKSHOP,2024-09-08T15:05:56.993000,2637.0,23396,589.6399999999999,D,D,TSAtrasado,Both_Events
2174.72,2024-09-09T08:15:00.000000,845.568,3058.9120000000003,SST,2024-09-09T08:00:00.000000,2524.0,900,349.2800000000002,D,D,TSNormal,Both_Events
2082.56,2024-09-10T08:43:00.000000,727.9680000000001,2816.928,SURTIDOR-TRUCKSHOP,2024-09-10T08:41:46.240000,2461.0,73,378.44000000000005,D,D,TSNormal,Both_Events
1832.9599999999998,2024-09-11T03:37:00.000000,844.8,2671.7120000000004,SURTIDOR-TRUCKSHOP,2024-09-11T03:35:04.780000,2572.0,115,739.0400000000002,N,N,TSNormal,Both_Events
1828.48,2024-09-11T21:50:30.000000,990.816,2851.8720000000003,SST,2024-09-11T20:00:00.000000,2013.0,6630,184.51999999999998,N,N,TSNormal,Both_Events
2140.4799999999996,2024-09-12T21:00:00.000000,726.848,2874.912,SST,2024-09-12T20:00:00.000000,2506.0,3600,365.52000000000044,N,N,TSNormal,Both_Events
2100.16,2024-09-13T16:00:00.000000,979.424,3105.12,,,,,,N,D,TSAtrasado,Refill_Only
2371.2,2024-09-14T15:13:00.000000,578.208,2960.0319999999997,SST,2024-09-14T08:00:00.000000,2806.0,25980,434.8000000000002,D,D,TSNormal,Both_Events
903.6800000000001,2024-09-15T02:00:30.000000,1991.52,2887.2,SST,2024-09-15T07:00:00.000000,2256.0,17970,1352.32,D,N,TSAtrasado,Both_Events
1995.1999999999998,2024-09-15T17:03:30.000000,862.5920000000002,2864.096,SST,2024-09-15T07:00:00.000000,2256.0,36210,260.8000000000002,D,D,TSNormal,Both_Events
2122.24,2024-09-16T09:41:30.000000,898.208,3061.0559999999996,P068,2024-09-16T06:00:00.000000,2432.0,13290,309.7600000000002,D,D,TSNormal,Both_Events
2326.08,2024-09-17T20:42:29.000000,675.5199999999999,3065.92,P068,2024-09-17T19:00:00.000000,2833.0,6149,506.9200000000001,N,N,TSNormal,Both_Events
2065.28,2024-09-19T10:00:00.000000,1147.5839999999996,3185.728,SST,2024-09-19T07:00:00.000000,2136.0,10800,70.7199999999998,D,D,TSNormal,Both_Events
2230.08,2024-09-20T17:37:00.000000,817.2479999999999,3094.56,SST,2024-09-20T07:00:00.000000,2580.0,38220,349.9200000000001,D,D,TSNormal,Both_Events
2024.3200000000002,2024-09-22T03:46:00.000000,977.8880000000001,3026.3039999999996,P068,2024-09-21T19:00:00.000000,2263.0,31560,238.67999999999984,N,N,TSNormal,Both_Events
2108.1600000000003,2024-09-23T01:55:00.000000,995.616,3101.6,SST,2024-09-22T19:00:00.000000,2172.0,24900,63.83999999999969,N,N,TSNormal,Both_Events
2158.08,2024-09-24T03:46:00.000000,879.5840000000002,3039.104,SST,2024-09-23T19:00:00.000000,2521.0,31560,362.9200000000001,N,N,TSNormal,Both_Events
1904.3200000000002,2024-09-25T01:53:30.000000,1192.512,3116.7359999999994,SST,2024-09-24T19:00:00.000000,2030.0,24810,125.67999999999984,N,N,TSNormal,Both_Events
1924.8,2024-09-25T22:06:00.000000,1015.9039999999999,2980.16,,,,,,N,N,TSAtrasado,Refill_Only
1593.92,2024-09-27T14:12:00.000000,1333.5359999999998,2930.88,SST,2024-09-27T07:00:00.000000,1670.0,25920,76.07999999999993,D,D,TSNormal,Both_Events
2138.88,2024-09-28T20:56:00.000000,909.8880000000001,3073.7920000000004,P068,2024-09-28T19:00:00.000000,2454.0,6960,315.1199999999999,N,N,TSNormal,Both_Events
1942.08,2024-09-30T02:59:30.000000,1109.664,3082.944,SST,2024-09-29T19:00:00.000000,2181.0,28770,238.92000000000007,N,N,TSNormal,Both_Events
2070.4,2024-09-30T21:44:30.000000,985.4720000000001,3078.0160000000005,SST,2024-09-30T19:00:00.000000,2341.0,9870,270.5999999999999,N,N,TSNormal,Both_Events
1712.6399999999999,2024-10-02T21:06:30.000000,1316.3520000000003,3071.68,SST,2024-10-02T19:00:00.000000,1951.0,7590,238.36000000000013,N,N,TSNormal,Both_Events
2174.4,2024-10-03T20:42:30.000000,779.5840000000001,2975.136,SST,2024-10-03T18:00:00.000000,2544.0,9750,369.5999999999999,N,N,TSNormal,Both_Events
1325.44,2024-10-04T20:14:00.000000,941.152,2268.1279999999997,SST,2024-10-04T18:00:00.000000,2382.0,8040,1056.56,N,N,TSNormal,Both_Events
1144.6399999999999,2024-10-05T01:52:30.000000,2003.1680000000001,3160.384,SST,2024-10-04T18:00:00.000000,2382.0,28350,1237.3600000000001,N,N,TSNormal,Both_Events
1875.52,2024-10-06T00:45:00.000000,1267.712,3160.736,SST,2024-10-05T18:00:00.000000,2056.0,24300,180.48000000000002,N,N,TSNormal,Both_Events
1028.8,2024-10-07T00:55:00.000000,1807.136,2837.0240000000003,,,,,,N,N,TSAtrasado,Refill_Only
2087.3599999999997,2024-10-10T05:15:00.000000,983.0079999999998,3064.2879999999996,SST,2024-10-09T19:00:00.000000,2294.0,36900,206.64000000000033,N,N,TSNormal,Both_Events
2246.7200000000003,2024-10-11T07:58:30.000000,761.7280000000001,3048.32,P068,2024-10-11T07:00:00.000000,2688.0,3510,441.27999999999975,D,D,TSNormal,Both_Events
2145.6,2024-10-12T09:28:00.000000,880.608,3059.968,SST,2024-10-12T07:00:00.000000,2506.0,8880,360.4000000000001,D,D,TSNormal,Both_Events
2033.28,2024-10-13T04:25:30.000000,980.0959999999999,3037.3119999999994,SST,2024-10-12T19:00:00.000000,2259.0,33930,225.72000000000003,N,N,TSNormal,Both_Events
2016.96,2024-10-13T22:51:30.000000,1016.992,3064.288,P068,2024-10-13T19:00:00.000000,2264.0,13890,247.03999999999996,N,N,TSNormal,Both_Events
216.31999999999994,2024-10-15T00:12:00.000000,982.2720000000002,2985.984,SST,2024-10-14T19:00:00.000000,2484.0,18720,2267.6800000000003,N,N,TSNormal,Both_Events
1476.48,2024-10-15T00:58:30.000000,1144.768,3135.04,SST,2024-10-14T19:00:00.000000,2484.0,21510,1007.52,N,N,TSNormal,Both_Events
2015.36,2024-10-15T17:19:00.000000,1006.528,3084.576,SST,2024-10-15T08:00:00.000000,2232.0,33540,216.6400000000001,D,D,TSNormal,Both_Events
2208.96,2024-10-16T14:41:00.000000,816.2559999999999,3026.6879999999996,SST,2024-10-16T08:00:00.000000,2521.0,24060,312.03999999999996,D,D,TSNormal,Both_Events
2364.8,2024-10-17T09:30:30.000000,821.3759999999999,3182.912,SST,2024-10-17T08:00:00.000000,2542.0,5430,177.19999999999982,D,D,TSNormal,Both_Events
1946.56,2024-10-18T08:40:30.000000,867.2,2828.2559999999994,SURTIDOR-TRUCKSHOP,2024-10-18T08:37:23.637000,2203.0,186,256.44000000000005,D,D,TSNormal,Both_Events
2170.24,2024-10-19T01:59:30.000000,875.0400000000002,3074.4959999999996,P068,2024-10-18T20:00:00.000000,2485.0,21570,314.7600000000002,N,N,TSNormal,Both_Events
1517.12,2024-10-20T01:55:00.000000,1618.8159999999998,3143.136,SST,2024-10-19T20:00:00.000000,2149.0,21300,631.8800000000001,N,N,TSNormal,Both_Events
2087.68,2024-10-21T03:29:30.000000,981.0880000000001,3095.264,SST,2024-10-20T20:00:00.000000,2335.0,26970,247.32000000000016,N,N,TSNormal,Both_Events
1808.96,2024-10-22T15:44:00.000000,1212.192,2992.832,SST,2024-10-22T08:00:00.000000,1910.0,27840,101.03999999999996,D,D,TSNormal,Both_Events
2136.6400000000003,2024-10-23T20:11:00.000000,984.3520000000001,3124.1279999999997,P068,2024-10-23T20:00:00.000000,2324.0,660,187.35999999999967,N,N,TSNormal,Both_Events
1673.6000000000001,2024-10-24T21:24:59.000000,1419.0079999999998,3112.864,P068,2024-10-24T20:00:00.000000,1951.0,5099,277.39999999999986,N,N,TSNormal,Both_Events
2093.12,2024-10-26T14:43:30.000000,961.632,3091.3920000000007,P068,2024-10-26T08:00:00.000000,2376.0,24210,282.8800000000001,D,D,TSNormal,Both_Events
2020.8,2024-10-27T10:14:00.000000,993.4720000000001,3052.192,P068,2024-10-27T07:00:00.000000,2276.0,11640,255.20000000000005,D,D,TSNormal,Both_Events
2326.3999999999996,2024-10-28T13:04:30.000000,844.768,3184.32,P068,2024-10-28T07:00:00.000000,2561.0,21870,234.60000000000036,D,D,TSNormal,Both_Events
1988.48,2024-10-29T10:24:30.000000,1070.688,3099.1040000000003,P068,2024-10-29T07:00:00.000000,2277.0,12270,288.52,D,D,TSNormal,Both_Events
1120.9599999999998,2024-10-30T00:48:00.000000,1765.536,2881.2480000000005,P068,2024-10-30T07:00:00.000000,1854.0,22320,733.0400000000002,D,N,TSAtrasado,Both_Events
1572.8000000000002,2024-10-30T12:41:30.000000,1533.44,3141.728,P068,2024-10-30T07:00:00.000000,1854.0,20490,281.1999999999998,D,D,TSNormal,Both_Events
2055.68,2024-10-31T08:34:00.000000,960.576,3019.264,SST,2024-10-31T07:00:00.000000,2290.0,5640,234.32000000000016,D,D,TSNormal,Both_Events
354.8799999999999,2024-11-01T12:59:30.000000,964.896,3116.3839999999996,SST,2024-11-01T07:00:00.000000,2257.0,21570,1902.1200000000001,D,D,TSNormal,Both_Events
1151.68,2024-11-01T14:32:00.000000,1130.336,3114.272,SST,2024-11-01T07:00:00.000000,2257.0,27120,1105.32,D,D,TSNormal,Both_Events
2132.48,2024-11-02T13:54:00.000000,972.4480000000001,3103.0080000000007,SST,2024-11-02T07:00:00.000000,2278.0,24840,145.51999999999998,D,D,TSNormal,Both_Events
1973.7600000000002,2024-11-03T12:55:30.000000,1113.408,3088.576,SST,2024-11-03T07:00:00.000000,2092.0,21330,118.23999999999978,D,D,TSNormal,Both_Events
1527.6799999999998,2024-11-04T01:56:00.000000,1598.3999999999999,3150.88,P068,2024-11-03T19:00:00.000000,1033.0,24960,494.67999999999984,N,N,TSNormal,Both_Events
1056.9599999999998,2024-11-04T20:35:30.000000,1015.744,3053.76,P068,2024-11-04T19:00:00.000000,2290.0,5730,1233.0400000000002,N,N,TSNormal,Both_Events
1615.3600000000001,2024-11-05T23:21:00.000000,1040.192,2650.3680000000004,P068,2024-11-05T19:00:00.000000,2321.0,15660,705.6399999999999,N,N,TSNormal,Both_Events
1449.92,2024-11-06T12:55:00.000000,1402.304,3108.96,P068,2024-11-06T07:00:00.000000,2000.0,21300,550.0799999999999,D,D,TSNormal,Both_Events
2056.0,2024-11-07T09:45:00.000000,984.9280000000001,3069.184,P068,2024-11-07T07:00:00.000000,2302.0,9900,246.0,D,D,TSNormal,Both_Events
1403.84,2024-11-08T00:58:30.000000,1735.136,3144.192,SST,2024-11-07T19:00:00.000000,2035.0,21510,631.1600000000001,N,N,TSNormal,Both_Events
2152.64,2024-11-09T01:55:00.000000,981.344,3148.064,SST,2024-11-08T19:00:00.000000,2028.0,24900,124.63999999999987,N,N,TSNormal,Both_Events
2142.72,2024-11-10T05:32:30.000000,880.992,3048.6400000000003,SST,2024-11-09T19:00:00.000000,2451.0,37950,308.2800000000002,N,N,TSNormal,Both_Events
2182.3999999999996,2024-11-11T03:18:30.000000,804.8319999999999,3006.2399999999993,SST,2024-11-10T20:00:00.000000,2542.0,26310,359.60000000000036,N,N,TSNormal,Both_Events
2307.84,2024-11-12T05:34:00.000000,701.5360000000001,3029.888,SST,2024-11-11T20:00:00.000000,2739.0,34440,431.15999999999985,N,N,TSNormal,Both_Events
2359.04,2024-11-13T00:54:30.000000,748.4159999999999,3133.984,P068,2024-11-12T20:00:00.000000,2698.0,17670,338.96000000000004,N,N,TSNormal,Both_Events
2153.92,2024-11-13T20:43:30.000000,699.6160000000001,2844.448,SST,2024-11-13T20:00:00.000000,2558.0,2610,404.0799999999999,N,N,TSNormal,Both_Events
2194.88,2024-11-15T04:48:30.000000,864.448,3059.7120000000004,SST,2024-11-14T20:00:00.000000,2471.0,31710,276.1199999999999,N,N,TSNormal,Both_Events
1859.8400000000001,2024-11-16T04:28:00.000000,793.7919999999999,2644.3520000000003,SST,2024-11-15T20:00:00.000000,2111.0,30480,251.15999999999985,N,N,TSNormal,Both_Events
,,,,SST,2024-11-16T20:00:00.000000,1850.0,,,N,N,TSAtrasado,Supply_Only
2031.04,2024-11-17T01:55:00.000000,744.416,2788.8640000000005,SST,2024-11-17T07:00:00.000000,2264.0,18300,232.96000000000004,D,N,TSAtrasado,Both_Events
2059.84,2024-11-17T15:41:00.000000,1015.4559999999999,3055.3920000000003,SST,2024-11-17T07:00:00.000000,2264.0,31260,204.15999999999985,D,D,TSNormal,Both_Events
2192.3199999999997,2024-11-18T10:21:00.000000,851.2,3085.0559999999996,SST,2024-11-18T07:00:00.000000,2570.0,12060,377.6800000000003,D,D,TSNormal,Both_Events
2147.2,2024-11-19T08:14:00.000000,909.568,3070.272,SST,2024-11-19T07:00:00.000000,2435.0,4440,287.8000000000002,D,D,TSNormal,Both_Events
2295.68,2024-11-20T08:14:30.000000,726.24,3023.4880000000003,SST,2024-11-20T07:00:00.000000,2713.0,4470,417.32000000000016,D,D,TSNormal,Both_Events
2173.76,2024-11-21T10:02:30.000000,838.2720000000002,3025.312,SST,2024-11-21T07:00:00.000000,2510.0,10950,336.2399999999998,D,D,TSNormal,Both_Events
2210.88,2024-11-22T10:18:00.000000,689.7279999999998,2898.9759999999997,SURTIDOR-TRUCKSHOP,2024-11-22T10:15:56.327000,2599.0,123,388.1199999999999,D,D,TSNormal,Both_Events
2185.2799999999997,2024-11-23T14:15:30.000000,883.3920000000002,3086.816,SST,2024-11-23T07:00:00.000000,2477.0,26130,291.72000000000025,D,D,TSNormal,Both_Events
2312.0,2024-11-24T14:47:30.000000,693.0880000000001,3019.616,SST,2024-11-24T07:00:00.000000,2751.0,28050,439.0,D,D,TSNormal,Both_Events
2288.3199999999997,2024-11-26T14:39:30.000000,779.3280000000001,3101.952,P068,2024-11-26T07:00:00.000000,2668.0,27570,379.6800000000003,D,D,TSNormal,Both_Events
2027.84,2024-11-27T09:54:30.000000,987.5840000000001,3052.9280000000003,P068,2024-11-27T07:00:00.000000,2277.0,10470,249.16000000000008,D,D,TSNormal,Both_Events
1636.1600000000003,2024-11-28T04:39:30.000000,1141.184,2783.4559999999997,SURTIDOR-TRUCKSHOP,2024-11-28T04:37:54.860000,1772.0,95,135.8399999999997,N,N,TSNormal,Both_Events
2139.84,2024-11-28T23:02:30.000000,876.0,3034.848,P068,2024-11-28T19:00:00.000000,2481.0,14550,341.15999999999985,N,N,TSNormal,Both_Events
2062.4,2024-11-29T17:28:30.000000,947.0720000000001,3017.5360000000005,P068,2024-11-29T07:00:00.000000,2210.0,37710,147.5999999999999,D,D,TSNormal,Both_Events
1751.6800000000003,2024-11-30T09:01:30.000000,917.8879999999999,2660.352,SST,2024-11-30T07:00:00.000000,1915.0,7290,163.3199999999997,D,D,TSNormal,Both_Events
2162.56,2024-11-30T23:15:30.000000,814.6879999999999,3000.8959999999997,SST,2024-11-30T20:00:00.000000,2543.0,11730,380.44000000000005,N,N,TSNormal,Both_Events
2047.04,2024-12-02T04:29:30.000000,783.5839999999998,2843.936,SURTIDOR-TRUCKSHOP,2024-12-02T04:27:25.000000,2361.0,125,313.96000000000004,N,N,TSNormal,Both_Events
2038.08,2024-12-02T21:51:00.000000,1015.1360000000001,3065.3439999999996,SST,2024-12-02T19:00:00.000000,2320.0,10260,281.9200000000001,N,N,TSNormal,Both_Events
2137.92,2024-12-03T20:34:30.000000,908.512,3043.008,SST,2024-12-03T19:00:00.000000,2406.0,5670,268.0799999999999,N,N,TSNormal,Both_Events
1985.28,2024-12-04T20:51:30.000000,706.976,2699.776,SST,2024-12-04T19:00:00.000000,2320.0,6690,334.72,N,N,TSNormal,Both_Events
2022.08,2024-12-05T13:53:00.000000,816.9920000000001,2848.832,SST,2024-12-05T07:00:00.000000,2212.0,24780,189.92000000000007,D,D,TSNormal,Both_Events
2081.2799999999997,2024-12-06T09:26:00.000000,952.5440000000001,3034.464,SST,2024-12-06T07:00:00.000000,2289.0,8760,207.72000000000025,D,D,TSNormal,Both_Events
2161.6000000000004,2024-12-07T15:19:00.000000,769.6960000000001,2935.392,SST,2024-12-07T07:00:00.000000,2647.0,29940,485.39999999999964,D,D,TSNormal,Both_Events
2127.04,2024-12-08T14:44:30.000000,916.064,3030.528,SST,2024-12-08T07:00:00.000000,2349.0,27870,221.96000000000004,D,D,TSNormal,Both_Events
2036.8000000000002,2024-12-09T20:54:30.000000,672.1599999999999,2691.9680000000003,SST,2024-12-09T19:00:00.000000,2440.0,6870,403.1999999999998,N,N,TSNormal,Both_Events
2075.2,2024-12-10T17:07:00.000000,955.9680000000001,3051.136,SST,2024-12-10T07:00:00.000000,2325.0,36420,249.80000000000018,D,D,TSNormal,Both_Events
2143.68,2024-12-11T15:58:30.000000,893.8560000000001,3065.984,SURTIDOR-TRUCKSHOP,2024-12-11T16:35:04.740000,2458.0,2194,314.32000000000016,D,D,TSAtrasado,Both_Events
2094.72,2024-12-12T23:28:00.000000,827.7119999999999,2923.072,,,,,,N,N,TSAtrasado,Refill_Only
,,,,SST,2024-12-13T19:00:00.000000,2183.0,,,N,N,TSAtrasado,Supply_Only
2037.1200000000003,2024-12-14T01:54:30.000000,788.096,2864.096,SURTIDOR-TRUCKSHOP,2024-12-13T16:45:55.980000,2428.0,32914,390.87999999999965,D,N,TSNormal,Both_Events
2070.3999999999996,2024-12-14T22:54:00.000000,970.5599999999998,3053.632,SST,2024-12-14T19:00:00.000000,2311.0,14040,240.60000000000036,N,N,TSNormal,Both_Events
1954.24,2024-12-15T21:53:30.000000,863.36,2822.816,P068,2024-12-15T19:00:00.000000,2244.0,10410,289.76,N,N,TSNormal,Both_Events
,,,,SST,2024-12-16T07:00:00.000000,2544.0,,,D,N,TSAtrasado,Supply_Only
2321.6,2024-12-16T21:25:30.000000,898.208,3207.904,,,,,,N,N,TSAtrasado,Refill_Only
2202.88,2024-12-18T01:48:00.000000,939.7760000000001,3138.56,SST,2024-12-17T19:00:00.000000,2000.0,24480,202.8800000000001,N,N,TSNormal,Both_Events
2278.3999999999996,2024-12-19T01:54:00.000000,780.992,3081.888,SST,2024-12-18T19:00:00.000000,2667.0,24840,388.60000000000036,N,N,TSNormal,Both_Events
1875.8400000000001,2024-12-20T12:59:00.000000,849.4399999999999,2736.2239999999997,SST,2024-12-20T07:00:00.000000,2050.0,21540,174.15999999999985,D,D,TSNormal,Both_Events
2060.16,2024-12-21T04:05:30.000000,947.392,3022.7839999999997,SST,2024-12-20T19:00:00.000000,2264.0,32730,203.84000000000015,N,N,TSNormal,Both_Events
2085.12,2024-12-21T23:14:30.000000,937.1200000000001,3029.152,SST,2024-12-21T19:00:00.000000,2362.0,15270,276.8800000000001,N,N,TSNormal,Both_Events
2217.6,2024-12-22T19:37:00.000000,808.1600000000001,3066.3680000000004,P068,2024-12-22T20:00:00.000000,2614.0,1380,396.4000000000001,N,N,TSAtrasado,Both_Events
2094.7200000000003,2024-12-23T16:35:30.000000,905.472,3007.2960000000003,SST,2024-12-23T08:00:00.000000,2374.0,30930,279.27999999999975,D,D,TSNormal,Both_Events
2076.8,2024-12-24T15:39:00.000000,919.2639999999999,3000.7039999999997,SST,2024-12-24T08:00:00.000000,2315.0,27540,238.19999999999982,D,D,TSNormal,Both_Events
2260.16,2024-12-25T13:58:30.000000,890.4,3174.8160000000007,SST,2024-12-25T08:00:00.000000,2400.0,21510,139.84000000000015,D,D,TSNormal,Both_Events
1984.96,2024-12-26T08:37:00.000000,901.7280000000001,2891.104,P068,2024-12-26T08:00:00.000000,2600.0,2220,615.04,D,D,TSNormal,Both_Events
1494.7200000000003,2024-12-27T02:00:30.000000,1175.8719999999998,2672.768,SST,2024-12-26T20:00:00.000000,1502.0,21630,7.279999999999745,N,N,TSNormal,Both_Events
2011.5199999999998,2024-12-27T16:55:30.000000,1070.6560000000002,3105.12,SST,2024-12-27T08:00:00.000000,2237.0,32130,225.48000000000025,D,D,TSNormal,Both_Events
1994.2399999999998,2024-12-28T12:52:00.000000,1197.248,3193.472,SST,2024-12-28T07:00:00.000000,2151.0,21120,156.76000000000022,D,D,TSNormal,Both_Events
1412.1599999999999,2024-12-29T12:55:00.000000,967.296,2377.6639999999998,SST,2024-12-29T07:00:00.000000,2016.0,21300,603.8400000000001,D,D,TSNormal,Both_Events
2034.8799999999999,2024-12-30T03:44:30.000000,580.0,2624.5440000000003,SST,2024-12-29T19:00:00.000000,2430.0,31470,395.1200000000001,N,N,TSNormal,Both_Events
1980.16,2024-12-30T22:49:00.000000,796.6080000000001,2762.8160000000003,SST,2024-12-30T19:00:00.000000,2436.0,13740,455.8399999999999,N,N,TSNormal,Both_Events
2016.3200000000002,2024-12-31T20:50:30.000000,963.232,2966.944,SST,2024-12-31T19:00:00.000000,2203.0,6630,186.67999999999984,N,N,TSNormal,Both_Events
2160.96,2025-01-01T20:07:00.000000,866.1120000000001,3030.2399999999993,SST,2025-01-01T19:00:00.000000,2474.0,4020,313.03999999999996,N,N,TSNormal,Both_Events
2121.92,2025-01-02T17:21:00.000000,919.0079999999998,3097.0240000000003,SST,2025-01-02T07:00:00.000000,2560.0,37260,438.0799999999999,D,D,TSNormal,Both_Events
1850.2399999999998,2025-01-03T12:51:30.000000,1348.576,3188.5440000000003,SST,2025-01-03T07:00:00.000000,2015.0,21090,164.76000000000022,D,D,TSNormal,Both_Events
2092.16,2025-01-04T10:21:00.000000,956.0,3079.7760000000003,P068,2025-01-04T07:00:00.000000,2374.0,12060,281.84000000000015,D,D,TSNormal,Both_Events
1411.2000000000003,2025-01-05T03:13:00.000000,1767.4560000000006,3190.656,P068,2025-01-04T19:00:00.000000,1748.0,29580,336.7999999999997,N,N,TSNormal,Both_Events
1897.6,2025-01-05T22:31:30.000000,1163.0720000000001,3091.04,P068,2025-01-05T19:00:00.000000,2178.0,12690,280.4000000000001,N,N,TSNormal,Both_Events
2159.68,2025-01-07T04:45:30.000000,902.2719999999999,3105.4719999999998,P068,2025-01-06T19:00:00.000000,2511.0,35130,351.32000000000016,N,N,TSNormal,Both_Events
1707.84,2025-01-09T17:17:00.000000,978.1759999999998,2680.608,SST,2025-01-09T07:00:00.000000,2524.0,37020,816.1600000000001,D,D,TSNormal,Both_Events
1969.92,2025-01-10T16:08:30.000000,1006.3040000000001,2984.5440000000003,SST,2025-01-10T07:00:00.000000,2160.0,32910,190.07999999999993,D,D,TSNormal,Both_Events
2087.68,2025-01-11T15:13:30.000000,958.4320000000001,3046.2079999999996,SST,2025-01-11T07:00:00.000000,2318.0,29610,230.32000000000016,D,D,TSNormal,Both_Events
2157.7599999999998,2025-01-12T16:33:30.000000,904.6719999999999,3071.3280000000004,SST,2025-01-12T07:00:00.000000,2416.0,34410,258.24000000000024,D,D,TSNormal,Both_Events
,,,,SST,2025-01-13T07:00:00.000000,2543.0,,,D,N,TSAtrasado,Supply_Only
2257.92,2025-01-13T12:54:00.000000,804.5759999999999,3078.0159999999996,SST,2025-01-13T19:00:00.000000,2265.0,21960,7.079999999999927,N,D,TSAtrasado,Both_Events
2067.2,2025-01-14T03:49:30.000000,976.2880000000001,3050.016,SST,2025-01-13T19:00:00.000000,2265.0,31770,197.80000000000018,N,N,TSNormal,Both_Events
2165.12,2025-01-14T20:42:00.000000,866.912,3059.6800000000003,SST,2025-01-14T19:00:00.000000,2472.0,6120,306.8800000000001,N,N,TSNormal,Both_Events
2129.92,2025-01-15T17:08:00.000000,872.2239999999999,3045.1200000000003,SST,2025-01-15T07:00:00.000000,2402.0,36480,272.0799999999999,D,D,TSNormal,Both_Events
2307.84,2025-01-16T14:51:00.000000,699.904,3044.128,P068,2025-01-16T07:00:00.000000,2821.0,28260,513.1599999999999,D,D,TSNormal,Both_Events
2429.44,2025-01-17T14:27:30.000000,585.1200000000001,3041.5359999999996,SST,2025-01-17T07:00:00.000000,2544.0,26850,114.55999999999995,D,D,TSNormal,Both_Events
2226.2400000000002,2025-01-18T16:37:30.000000,759.4240000000001,3025.2799999999997,SST,2025-01-18T07:00:00.000000,2668.0,34650,441.75999999999976,D,D,TSNormal,Both_Events
2183.04,2025-01-19T20:17:30.000000,852.576,3085.7599999999998,P068,2025-01-19T19:00:00.000000,2534.0,4650,350.96000000000004,N,N,TSNormal,Both_Events
2119.3599999999997,2025-01-20T21:06:30.000000,828.1600000000001,2961.984,SURTIDOR-TRUCKSHOP,2025-01-20T21:03:45.330000,2444.0,164,324.6400000000003,N,N,TSNormal,Both_Events
2104.0,2025-01-21T17:30:30.000000,931.6479999999999,3051.5199999999995,SST,2025-01-21T06:00:00.000000,2372.0,41430,268.0,D,D,TSNormal,Both_Events
2067.52,2025-01-22T16:26:00.000000,943.9039999999999,3060.704,P068,2025-01-22T06:00:00.000000,2400.0,37560,332.48,D,D,TSNormal,Both_Events
2157.1200000000003,2025-01-23T23:42:30.000000,577.4720000000001,2740.2239999999997,SURTIDOR-TRUCKSHOP,2025-01-23T23:40:39.860000,2564.0,110,406.87999999999965,N,N,TSNormal,Both_Events
2219.2,2025-01-24T16:55:00.000000,722.2719999999999,2971.6159999999995,SST,2025-01-24T06:00:00.000000,2645.0,39300,425.8000000000002,D,D,TSNormal,Both_Events
2272.3199999999997,2025-01-25T22:01:00.000000,775.008,3054.016,P068,2025-01-25T19:00:00.000000,2648.0,10860,375.6800000000003,N,N,TSNormal,Both_Events
2197.44,2025-01-26T23:32:30.000000,765.376,2989.0880000000006,P068,2025-01-26T19:00:00.000000,2600.0,16350,402.55999999999995,N,N,TSNormal,Both_Events
2208.3199999999997,2025-01-27T21:03:00.000000,808.48,3071.2959999999994,P068,2025-01-27T19:00:00.000000,2630.0,7380,421.6800000000003,N,N,TSNormal,Both_Events
2156.48,2025-01-28T21:32:30.000000,792.064,2976.704,P068,2025-01-28T19:00:00.000000,2531.0,9150,374.52,N,N,TSNormal,Both_Events
2327.6800000000003,2025-01-29T22:01:00.000000,673.5040000000001,2998.048,P068,2025-01-29T19:00:00.000000,2730.0,10860,402.3199999999997,N,N,TSNormal,Both_Events
1764.8000000000002,2025-01-30T16:26:30.000000,801.1200000000001,2564.8320000000003,SST,2025-01-30T07:00:00.000000,2008.0,33990,243.19999999999982,D,D,TSNormal,Both_Events
2144.0,2025-01-31T08:12:30.000000,885.216,3061.7599999999993,P068,2025-01-31T07:00:00.000000,2505.0,4350,361.0,D,D,TSNormal,Both_Events
2109.12,2025-02-01T02:10:30.000000,947.616,3101.952,P068,2025-01-31T19:00:00.000000,2393.0,25830,283.8800000000001,N,N,TSNormal,Both_Events
2053.4399999999996,2025-02-01T21:16:30.000000,1003.424,3069.216,P068,2025-02-01T18:00:00.000000,2281.0,11790,227.5600000000004,N,N,TSNormal,Both_Events
2029.12,2025-02-02T16:51:30.000000,977.824,3024.5440000000003,SST,2025-02-02T06:00:00.000000,2243.0,39090,213.8800000000001,D,D,TSNormal,Both_Events
2039.3600000000001,2025-02-03T16:44:00.000000,952.7040000000001,3013.632,SST,2025-02-03T06:00:00.000000,2281.0,38640,241.63999999999987,D,D,TSNormal,Both_Events
2043.84,2025-02-04T15:34:30.000000,990.5279999999999,3034.816,SST,2025-02-04T06:00:00.000000,2248.0,34470,204.16000000000008,D,D,TSNormal,Both_Events
1985.6,2025-02-05T09:41:00.000000,810.752,2826.272,P068,2025-02-05T06:00:00.000000,2222.0,13260,236.4000000000001,D,D,TSNormal,Both_Events
,,,,SST,2025-02-05T19:00:00.000000,2048.0,,,N,N,TSAtrasado,Supply_Only
1747.52,2025-02-06T03:09:30.000000,707.232,2442.9440000000004,SST,2025-02-06T06:00:00.000000,2045.0,10230,297.48,D,N,TSAtrasado,Both_Events
1909.12,2025-02-06T13:56:30.000000,1230.9119999999998,3151.936,SST,2025-02-06T06:00:00.000000,2045.0,28590,135.8800000000001,D,D,TSNormal,Both_Events
1784.0,2025-02-07T22:30:30.000000,962.208,3063.936,SST,2025-02-07T19:00:00.000000,2307.0,12630,523.0,N,N,TSNormal,Both_Events
1993.9199999999998,2025-02-08T16:05:30.000000,1030.592,3033.728,SST,2025-02-08T06:00:00.000000,2171.0,36330,177.08000000000015,D,D,TSNormal,Both_Events
1882.56,2025-02-09T12:49:30.000000,1257.056,3158.976,SST,2025-02-09T06:00:00.000000,2057.0,24570,174.44000000000005,D,D,TSNormal,Both_Events
1250.2400000000002,2025-02-10T14:58:30.000000,576.4159999999999,1817.7599999999998,SURTIDOR-TRUCKSHOP,2025-02-10T14:58:04.560000,1464.0,25,213.75999999999976,D,D,TSNormal,Both_Events
,,,,P068,2025-02-10T19:00:00.000000,2370.0,,,N,N,TSAtrasado,Supply_Only
733.7599999999998,2025-02-10T20:58:30.000000,937.3760000000002,3043.36,SURTIDOR-TRUCKSHOP,2025-02-10T14:58:04.560000,1464.0,21625,730.2400000000002,D,N,TSNormal,Both_Events
1323.8400000000001,2025-02-11T14:37:30.000000,730.208,2049.3120000000004,SURTIDOR-TRUCKSHOP,2025-02-11T14:35:25.530000,1527.0,124,203.15999999999985,D,D,TSNormal,Both_Events
2150.08,2025-02-12T02:44:00.000000,970.016,3122.368,SURTIDOR-TRUCKSHOP,2025-02-12T02:40:14.140000,2350.0,225,199.92000000000007,N,N,TSNormal,Both_Events
2122.88,2025-02-13T02:07:30.000000,917.6,3041.952,SST,2025-02-12T19:00:00.000000,2376.0,25650,253.1199999999999,N,N,TSNormal,Both_Events
2062.72,2025-02-13T23:25:30.000000,883.392,3061.8239999999996,P068,2025-02-13T19:00:00.000000,2480.0,15930,417.2800000000002,N,N,TSNormal,Both_Events
2216.3199999999997,2025-02-14T21:36:00.000000,802.4960000000001,3012.2239999999997,P068,2025-02-14T19:00:00.000000,2499.0,9360,282.6800000000003,N,N,TSNormal,Both_Events
2093.12,2025-02-15T20:02:00.000000,845.824,2935.424,P068,2025-02-15T19:00:00.000000,2427.0,3720,333.8800000000001,N,N,TSNormal,Both_Events
2108.48,2025-02-16T16:33:30.000000,885.4399999999999,3044.032,SURTIDOR-TRUCKSHOP,2025-02-16T16:31:07.780000,2448.0,142,339.52,D,D,TSNormal,Both_Events
2141.12,2025-02-17T19:35:00.000000,825.824,3060.6719999999996,SURTIDOR-TRUCKSHOP,2025-02-17T19:35:56.743000,2576.0,56,434.8800000000001,N,N,TSAtrasado,Both_Events
2073.92,2025-02-18T16:18:00.000000,949.5040000000001,3015.04,SST,2025-02-18T07:00:00.000000,2284.0,33480,210.07999999999993,D,D,TSNormal,Both_Events
806.0799999999999,2025-02-19T01:00:00.000000,2400.192,3211.0719999999997,,,,,,N,N,TSAtrasado,Refill_Only
2069.12,2025-02-19T21:15:30.000000,768.128,2987.104,P068,2025-02-19T19:00:00.000000,2668.0,8130,598.8800000000001,N,N,TSNormal,Both_Events
1572.48,2025-02-20T15:41:00.000000,689.6960000000001,2988.032,SST,2025-02-20T07:00:00.000000,2731.0,31260,1158.52,D,D,TSNormal,Both_Events
1052.16,2025-02-21T09:05:30.000000,985.984,3049.0240000000003,P068,2025-02-21T07:00:00.000000,2310.0,7530,1257.84,D,D,TSNormal,Both_Events
2125.4399999999996,2025-02-22T00:57:00.000000,904.4800000000001,3039.072,P068,2025-02-21T19:00:00.000000,2427.0,21420,301.5600000000004,N,N,TSNormal,Both_Events
2200.0,2025-02-23T05:44:30.000000,947.5520000000002,3144.192,SURTIDOR-TRUCKSHOP,2025-02-23T05:40:30.527000,2385.0,239,185.0,N,N,TSNormal,Both_Events
2328.96,2025-02-24T02:30:00.000000,724.8639999999999,3071.68,P068,2025-02-23T20:00:00.000000,2424.0,23400,95.03999999999996,N,N,TSNormal,Both_Events
2153.92,2025-02-25T01:40:00.000000,927.808,3110.7519999999995,P068,2025-02-24T20:00:00.000000,2434.0,20400,280.0799999999999,N,N,TSNormal,Both_Events
1465.6,2025-02-25T13:46:30.000000,1693.568,3138.56,SST,2025-02-25T08:00:00.000000,1860.0,20790,394.4000000000001,D,D,TSNormal,Both_Events
1323.52,2025-02-26T07:52:30.000000,775.36,3032.832,P068,2025-02-26T08:00:00.000000,2700.0,450,1376.48,D,D,TSAtrasado,Both_Events
2212.7999999999997,2025-02-27T04:03:00.000000,828.8,3069.888,SST,2025-02-26T20:00:00.000000,2549.0,28980,336.2000000000003,N,N,TSNormal,Both_Events
,,,,P068,2025-02-27T20:00:00.000000,2512.0,,,N,N,TSAtrasado,Supply_Only
