Date,Event_Type,DeltaFuel,refill_TimeStamp,after_avg,before_avg,Origin,supply_TimeStamp,FuelLevelLiters,Fuel_Discrepancy,Time_Discrepancy
2024-02-01,Both_Events,2150.08,2024-02-01T09:09:00.000000,2992.7039999999993,841.792,SST,2024-02-01T06:00:00.000000,2452.0,540.7039999999993,11340
2024-02-02,Both_Events,2092.48,2024-02-02T08:04:30.000000,3037.6639999999998,938.4639999999999,SST,2024-02-02T07:00:00.000000,2347.0,690.6639999999998,3870
2024-02-03,Both_Events,1179.8400000000001,2024-02-03T01:59:00.000000,2929.9839999999995,1753.8880000000001,SST,2024-02-03T08:00:00.000000,2451.0,478.98399999999947,21660
2024-02-04,Both_Events,1908.7999999999997,2024-02-04T00:57:00.000000,2675.2640000000006,768.768,SST,2024-02-04T08:00:00.000000,2202.0,473.2640000000006,25380
2024-02-04,Both_Events,2024.0,2024-02-04T16:39:00.000000,3046.1760000000004,1036.0,SST,2024-02-04T08:00:00.000000,1652.0,1394.1760000000004,31140
2024-02-05,Both_Events,1986.8799999999999,2024-02-05T16:21:30.000000,3050.432,1071.2320000000002,SST,2024-02-05T08:00:00.000000,2177.0,873.4319999999998,30090
2024-02-06,Both_Events,2203.52,2024-02-06T15:32:30.000000,2988.5440000000003,782.9759999999999,SST,2024-02-06T08:00:00.000000,2538.0,450.5440000000003,27150
2024-02-07,Both_Events,1598.7200000000003,2024-02-07T17:02:30.000000,2626.5280000000002,1040.2879999999998,SURTIDOR-TRUCKSHOP,2024-02-07T17:00:37.607000,1700.0,926.5280000000002,112
2024-02-08,Both_Events,1767.6800000000003,2024-02-08T08:01:00.000000,2781.472,1002.8800000000001,SST,2024-02-08T07:00:00.000000,1912.0,869.4720000000002,3660
2024-02-09,Both_Events,1625.9199999999998,2024-02-09T02:55:00.000000,2462.3679999999995,837.984,SURTIDOR-TRUCKSHOP,2024-02-09T02:52:25.133000,1859.0,603.3679999999995,154
2024-02-09,Both_Events,2124.48,2024-02-09T20:32:00.000000,3082.528,886.8800000000001,SST,2024-02-09T18:00:00.000000,2541.0,541.5279999999998,9120
2024-02-12,Both_Events,2001.6000000000001,2024-02-12T08:33:00.000000,2839.5520000000006,848.832,SST,2024-02-12T07:00:00.000000,2268.0,571.5520000000006,5580
2024-02-13,Both_Events,1787.8400000000001,2024-02-13T08:51:30.000000,2647.9039999999995,877.4400000000002,SURTIDOR-TRUCKSHOP,2024-02-13T08:49:11.910000,1966.0,681.9039999999995,138
2024-02-14,Both_Events,1892.1599999999999,2024-02-14T05:10:30.000000,2865.536,973.5360000000001,SURTIDOR-TRUCKSHOP,2024-02-14T05:08:45.600000,2232.0,633.5360000000001,104
2024-02-15,Both_Events,2222.4,2024-02-15T02:41:30.000000,3065.312,804.8639999999999,SURTIDOR-TRUCKSHOP,2024-02-15T02:39:51.743000,2612.0,453.3119999999999,98
2024-02-15,Both_Events,1886.08,2024-02-15T23:01:00.000000,2830.656,961.1200000000001,SST,2024-02-15T18:00:00.000000,2023.0,807.656,18060
2024-02-16,Refill_Only,1936.96,2024-02-16T20:31:30.000000,2826.7200000000003,886.048,,,,,
2024-02-17,Both_Events,1709.7600000000002,2024-02-17T15:37:00.000000,2581.216,857.7280000000001,SST,2024-02-17T08:00:00.000000,2156.0,425.2159999999999,27420
2024-02-17,Supply_Only,,,,,SURTIDOR-TRUCKSHOP,2024-02-17T15:34:31.617000,1915.0,,
2024-02-18,Both_Events,1787.5199999999998,2024-02-18T10:15:00.000000,2583.168,798.272,SURTIDOR-TRUCKSHOP,2024-02-18T10:12:46.570000,2065.0,518.1680000000001,133
2024-02-18,Supply_Only,,,,,P068,2024-02-18T19:00:00.000000,2369.0,,
2024-02-19,Refill_Only,2061.12,2024-02-19T04:34:00.000000,3068.448,964.0319999999998,,,,,
2024-02-20,Both_Events,2044.8,2024-02-20T05:24:30.000000,3042.9759999999997,984.0959999999999,SURTIDOR-TRUCKSHOP,2024-02-20T05:21:35.720000,2254.0,788.9759999999997,174
2024-02-20,Refill_Only,1791.04,2024-02-20T22:48:00.000000,3044.767999999999,1223.936,,,,,
2024-02-21,Both_Events,2167.68,2024-02-21T21:32:00.000000,3088.224,890.9119999999999,SST,2024-02-21T08:00:00.000000,2013.0,1075.2240000000002,48720
2024-02-21,Supply_Only,,,,,SURTIDOR-TRUCKSHOP,2024-02-21T21:30:16.267000,2485.0,,
2024-02-23,Both_Events,1760.3199999999997,2024-02-23T14:45:00.000000,2492.1600000000003,739.5199999999999,SURTIDOR-TRUCKSHOP,2024-02-23T14:42:40.143000,2054.0,438.1600000000003,139
2024-02-24,Both_Events,1812.48,2024-02-24T08:44:00.000000,3010.816,1182.3039999999999,SST,2024-02-24T07:00:00.000000,2018.0,992.8159999999998,6240
2024-02-25,Both_Events,2167.6800000000003,2024-02-25T03:44:00.000000,2993.4719999999998,812.7679999999999,SST,2024-02-25T08:00:00.000000,2510.0,483.47199999999975,15360
2024-02-25,Refill_Only,2150.08,2024-02-25T21:02:30.000000,2952.6400000000003,778.496,,,,,
2024-02-26,Both_Events,2192.0,2024-02-26T22:53:00.000000,2956.512,769.664,SST,2024-02-26T08:00:00.000000,2575.0,381.51200000000017,53580
2024-02-27,Supply_Only,,,,,SST,2024-02-27T08:00:00.000000,2569.0,,
2024-02-28,Refill_Only,1194.88,2024-02-28T21:44:30.000000,2994.2400000000002,862.3040000000001,,,,,
2024-02-29,Both_Events,2135.3599999999997,2024-02-29T22:23:00.000000,2982.592,841.792,SST,2024-02-29T07:00:00.000000,2398.0,584.5920000000001,55380
2024-03-01,Both_Events,1927.04,2024-03-01T23:22:00.000000,2753.504,838.208,SST,2024-03-01T08:00:00.000000,2430.0,323.5039999999999,55320
2024-03-01,Supply_Only,,,,,SURTIDOR-TRUCKSHOP,2024-03-01T23:19:46.343000,2201.0,,
2024-03-02,Both_Events,1671.04,2024-03-02T17:23:00.000000,2846.9439999999995,1187.072,SST,2024-03-02T07:00:00.000000,1908.0,938.9439999999995,37380
2024-03-03,Both_Events,187.19999999999982,2024-03-03T10:41:30.000000,2804.1279999999997,866.144,SST,2024-03-03T08:00:00.000000,2173.0,631.1279999999997,9690
2024-03-04,Both_Events,836.48,2024-03-04T16:14:00.000000,2893.568,917.8880000000001,SST,2024-03-04T08:00:00.000000,2200.0,693.5680000000002,29640
2024-03-05,Both_Events,1591.3600000000001,2024-03-05T10:46:00.000000,2542.9119999999994,970.048,SURTIDOR-TRUCKSHOP,2024-03-05T10:44:01.627000,1698.0,844.9119999999994,118
2024-03-06,Both_Events,1923.8399999999997,2024-03-06T08:13:00.000000,2762.7519999999995,844.1599999999999,SURTIDOR-TRUCKSHOP,2024-03-06T08:10:33.917000,2171.0,591.7519999999995,146
2024-03-07,Both_Events,346.8800000000001,2024-03-07T04:40:00.000000,2793.8240000000005,926.048,SST,2024-03-07T08:00:00.000000,2068.0,725.8240000000005,12000
2024-03-08,Both_Events,1962.2399999999998,2024-03-08T01:53:30.000000,2711.2,747.7760000000001,SST,2024-03-08T08:00:00.000000,2050.0,661.1999999999998,21990
2024-03-09,Both_Events,2115.52,2024-03-09T09:19:00.000000,3080.8319999999994,927.936,P068,2024-03-09T08:00:00.000000,2413.0,667.8319999999994,4740
2024-03-10,Both_Events,2179.2,2024-03-10T08:52:30.000000,3060.3199999999993,840.448,SST,2024-03-10T06:00:00.000000,2525.0,535.3199999999993,10350
2024-03-11,Refill_Only,1947.8400000000001,2024-03-11T23:00:30.000000,2771.6159999999995,823.36,,,,,
2024-03-12,Both_Events,2041.92,2024-03-12T20:02:30.000000,2794.7520000000004,736.992,SST,2024-03-12T06:00:00.000000,2206.0,588.7520000000004,50550
2024-03-13,Both_Events,2280.0,2024-03-13T16:01:30.000000,3030.2400000000002,715.1999999999999,SST,2024-03-13T06:00:00.000000,2393.0,637.2400000000002,36090
2024-03-13,Supply_Only,,,,,SST,2024-03-13T06:00:00.000000,2770.0,,
2024-03-14,Both_Events,2267.8399999999997,2024-03-14T13:57:30.000000,3071.68,804.7999999999998,SST,2024-03-14T06:00:00.000000,2756.0,315.67999999999984,28650
2024-03-16,Both_Events,2142.4,2024-03-16T00:59:30.000000,3113.9199999999996,963.1999999999998,SST,2024-03-16T06:00:00.000000,2305.0,808.9199999999996,18030
2024-03-17,Both_Events,1947.52,2024-03-17T10:45:30.000000,2732.7680000000005,779.2640000000001,SURTIDOR-TRUCKSHOP,2024-03-17T10:43:24.917000,2299.0,433.7680000000005,125
2024-03-18,Both_Events,1704.64,2024-03-18T10:57:00.000000,2648.8320000000003,923.0080000000002,SURTIDOR-TRUCKSHOP,2024-03-18T10:55:01.780000,1892.0,756.8320000000003,118
2024-03-19,Both_Events,1530.56,2024-03-19T17:49:00.000000,2810.0159999999996,787.168,SURTIDOR-TRUCKSHOP,2024-03-19T17:50:20.267000,2262.0,548.0159999999996,80
2024-03-20,Both_Events,2130.88,2024-03-20T15:53:30.000000,3003.648,875.5199999999999,SST,2024-03-20T08:00:00.000000,2423.0,580.6480000000001,28410
2024-03-21,Both_Events,1593.28,2024-03-21T21:36:00.000000,2491.7120000000004,920.608,SURTIDOR-TRUCKSHOP,2024-03-21T21:33:18.367000,1703.0,788.7120000000004,161
2024-03-22,Both_Events,1167.6799999999998,2024-03-22T16:21:30.000000,1994.464,846.592,SST,2024-03-22T07:00:00.000000,1000.0,994.4639999999999,33690
2024-03-23,Both_Events,2285.76,2024-03-23T08:35:30.000000,3013.632,730.4639999999999,SST,2024-03-23T07:00:00.000000,2683.0,330.63200000000006,5730
2024-03-24,Both_Events,2371.2,2024-03-24T08:30:00.000000,2912.7999999999997,526.528,SST,2024-03-24T08:00:00.000000,2866.0,46.79999999999973,1800
2024-03-25,Both_Events,2096.0,2024-03-25T15:14:30.000000,2825.3120000000004,725.1199999999999,SURTIDOR-TRUCKSHOP,2024-03-25T15:12:09.407000,2446.0,379.31200000000035,140
2024-03-26,Both_Events,2143.68,2024-03-26T17:33:30.000000,3045.4719999999998,881.1199999999999,SST,2024-03-26T08:00:00.000000,2420.0,625.4719999999998,34410
2024-03-27,Both_Events,1938.2399999999998,2024-03-27T19:53:30.000000,2836.1279999999997,899.8399999999999,SST,2024-03-27T19:00:00.000000,2125.0,711.1279999999997,3210
2024-03-28,Both_Events,2090.88,2024-03-28T16:44:00.000000,3033.44,924.704,SST,2024-03-28T08:00:00.000000,2358.0,675.44,31440
2024-03-29,Both_Events,2014.08,2024-03-29T22:25:00.000000,2808.544,792.576,SST,2024-03-29T19:00:00.000000,2270.0,538.5439999999999,12300
2024-03-30,Both_Events,2085.7599999999998,2024-03-30T13:06:30.000000,3085.0559999999996,981.344,SST,2024-03-30T08:00:00.000000,2287.0,798.0559999999996,18390
2024-03-31,Both_Events,2226.2400000000002,2024-03-31T11:06:30.000000,2824.7039999999993,559.712,P068,2024-03-31T08:00:00.000000,2728.0,96.70399999999927,11190
2024-04-01,Both_Events,2469.44,2024-04-01T10:08:00.000000,3042.3360000000002,544.896,SST,2024-04-01T06:00:00.000000,2886.0,156.33600000000024,14880
2024-04-02,Both_Events,2134.72,2024-04-02T09:49:00.000000,3069.536,899.872,SST,2024-04-02T06:00:00.000000,2432.0,637.5360000000001,13740
2024-04-03,Refill_Only,2297.28,2024-04-03T19:17:00.000000,2879.3599999999997,586.5600000000001,,,,,
2024-04-04,Supply_Only,,,,,SST,2024-04-04T07:00:00.000000,2581.0,,
2024-04-04,Supply_Only,,,,,P068,2024-04-04T19:00:00.000000,2060.0,,
2024-04-05,Refill_Only,1865.6,2024-04-05T03:33:00.000000,2814.432,955.4239999999998,,,,,
2024-04-05,Refill_Only,2083.52,2024-04-05T23:35:00.000000,3028.416,953.5360000000001,,,,,
2024-04-06,Supply_Only,,,,,SST,2024-04-06T07:00:00.000000,2386.0,,
2024-04-07,Both_Events,2200.64,2024-04-07T00:15:30.000000,3022.0800000000004,814.3679999999998,SST,2024-04-07T08:00:00.000000,2510.0,512.0800000000004,27870
2024-04-08,Both_Events,1102.4,2024-04-08T16:56:30.000000,3199.8079999999995,2064.032,P068,2024-04-08T08:00:00.000000,1348.0,1851.8079999999995,32190
2024-04-10,Both_Events,2206.08,2024-04-10T01:53:30.000000,3176.928,940.896,SST,2024-04-10T07:00:00.000000,2348.0,828.9279999999999,18390
2024-04-11,Both_Events,1268.4799999999998,2024-04-11T01:36:00.000000,2983.136,1717.6640000000002,SST,2024-04-11T07:00:00.000000,1800.0,1183.136,19440
2024-04-11,Refill_Only,1803.52,2024-04-11T21:03:30.000000,2798.208,1006.848,,,,,
2024-04-12,Both_Events,2006.0800000000002,2024-04-12T20:24:30.000000,2910.816,904.7359999999999,SST,2024-04-12T07:00:00.000000,1922.0,988.8159999999998,48270
2024-04-13,Both_Events,1804.7999999999997,2024-04-13T20:44:00.000000,2581.28,773.408,SST,2024-04-13T07:00:00.000000,2204.0,377.2800000000002,49440
2024-04-14,Both_Events,2146.56,2024-04-14T13:57:30.000000,2976.7360000000003,825.856,SST,2024-04-14T07:00:00.000000,2066.0,910.7360000000003,25050
2024-04-14,Supply_Only,,,,,SST,2024-04-14T08:00:00.000000,2242.0,,
2024-04-15,Both_Events,2154.5600000000004,2024-04-15T13:51:30.000000,2919.616,779.008,SST,2024-04-15T09:00:00.000000,2271.0,648.616,17490
2024-04-16,Both_Events,1910.0800000000002,2024-04-16T08:39:30.000000,2942.304,1041.28,SST,2024-04-16T08:00:00.000000,1905.0,1037.304,2370
2024-04-16,Supply_Only,,,,,SST,2024-04-16T19:00:00.000000,1976.0,,
2024-04-17,Both_Events,1366.08,2024-04-17T00:56:00.000000,3013.2799999999997,1652.2240000000002,SST,2024-04-17T19:00:00.000000,2138.0,875.2799999999997,65040
2024-04-17,Refill_Only,1924.4799999999998,2024-04-17T20:54:00.000000,3057.504,1110.208,,,,,
2024-04-18,Both_Events,1992.0,2024-04-18T21:50:00.000000,3079.424,1062.176,SST,2024-04-18T19:00:00.000000,2215.0,864.424,10200
2024-04-21,Supply_Only,,,,,SST,2024-04-21T19:00:00.000000,2205.0,,
2024-04-22,Both_Events,2098.24,2024-04-22T01:47:00.000000,3147.0080000000003,1027.9360000000001,P068,2024-04-22T19:00:00.000000,2599.0,548.0080000000003,61980
2024-04-23,Both_Events,2260.16,2024-04-23T02:42:00.000000,3016.096,751.2,P068,2024-04-23T19:00:00.000000,2050.0,966.096,58680
2024-04-23,Refill_Only,1831.6799999999998,2024-04-23T22:26:00.000000,3099.136,1238.4320000000002,,,,,
2024-04-24,Supply_Only,,,,,SST,2024-04-24T19:00:00.000000,2455.0,,
2024-04-25,Both_Events,2171.5199999999995,2024-04-25T01:46:30.000000,3129.0559999999996,910.3999999999999,SST,2024-04-25T19:00:00.000000,2419.0,710.0559999999996,62010
2024-04-26,Refill_Only,2195.52,2024-04-26T00:57:00.000000,3170.5919999999996,939.0079999999998,,,,,
2024-04-27,Both_Events,2209.28,2024-04-27T21:22:00.000000,3087.168,884.4480000000001,SST,2024-04-27T19:00:00.000000,2455.0,632.1680000000001,8520
2024-04-28,Both_Events,1822.7200000000003,2024-04-28T23:06:00.000000,2681.6319999999996,825.76,SST,2024-04-28T19:00:00.000000,2124.0,557.6319999999996,14760
2024-04-29,Both_Events,1935.68,2024-04-29T21:59:00.000000,2720.5119999999997,769.12,SST,2024-04-29T19:00:00.000000,2257.0,463.5119999999997,10740
2024-04-30,Both_Events,2171.2,2024-04-30T16:20:00.000000,3022.08,858.816,SST,2024-04-30T19:00:00.000000,2463.0,559.0799999999999,9600
2024-05-01,Both_Events,2077.76,2024-05-01T10:43:00.000000,3030.5279999999993,937.632,SST,2024-05-01T07:00:00.000000,2320.0,710.5279999999993,13380
2024-05-01,Supply_Only,,,,,SST,2024-05-01T19:00:00.000000,2293.0,,
2024-05-02,Refill_Only,2088.64,2024-05-02T03:28:59.000000,3063.584,961.8880000000001,,,,,
2024-05-03,Both_Events,1899.2000000000003,2024-05-03T08:23:00.000000,2841.0240000000003,930.048,SST,2024-05-03T07:00:00.000000,2087.0,754.0240000000003,4980
2024-05-03,Supply_Only,,,,,SST,2024-05-03T19:00:00.000000,2258.0,,
2024-05-04,Both_Events,2046.7199999999998,2024-05-04T05:15:00.000000,3028.4480000000003,975.936,SST,2024-05-04T19:00:00.000000,2288.0,740.4480000000003,49500
2024-05-04,Refill_Only,2038.08,2024-05-04T22:20:00.000000,3014.3360000000002,958.72,,,,,
2024-05-05,Both_Events,1945.6,2024-05-05T15:31:30.000000,3128.352,1135.232,P068,2024-05-05T08:00:00.000000,2240.0,888.3519999999999,27090
2024-05-06,Both_Events,1729.6,2024-05-06T10:08:00.000000,2935.872,1186.0799999999997,P068,2024-05-06T08:00:00.000000,1926.0,1009.8719999999998,7680
2024-05-07,Both_Events,1955.8400000000001,2024-05-07T16:03:30.000000,2962.432,1010.5920000000002,SST,2024-05-07T08:00:00.000000,2097.0,865.4319999999998,29010
2024-05-08,Both_Events,2121.92,2024-05-08T17:10:30.000000,2814.976,661.3439999999999,SST,2024-05-08T07:00:00.000000,2510.0,304.9760000000001,36630
2024-05-09,Both_Events,1062.72,2024-05-09T20:17:30.000000,2997.8239999999996,782.688,SST,2024-05-09T19:00:00.000000,2540.0,457.8239999999996,4650
2024-05-10,Both_Events,984.6399999999999,2024-05-10T20:35:00.000000,3082.2400000000002,1120.3200000000002,SST,2024-05-10T19:00:00.000000,2170.0,912.2400000000002,5700
2024-05-11,Both_Events,554.2400000000002,2024-05-11T20:32:30.000000,3059.7119999999995,1019.392,SST,2024-05-11T20:00:00.000000,2237.0,822.7119999999995,1950
2024-05-13,Supply_Only,,,,,SST,2024-05-13T19:00:00.000000,1942.0,,
2024-05-14,Both_Events,1523.8400000000001,2024-05-14T01:53:00.000000,2895.1040000000003,1379.5839999999996,P068,2024-05-14T19:00:00.000000,2320.0,575.1040000000003,61620
2024-05-14,Refill_Only,2041.6,2024-05-14T20:45:30.000000,3130.112,1039.7759999999998,,,,,
2024-05-15,Both_Events,2174.7200000000003,2024-05-15T17:18:30.000000,3023.84,836.96,SST,2024-05-15T07:00:00.000000,2507.0,516.8400000000001,37110
2024-05-16,Supply_Only,,,,,P068,2024-05-16T19:00:00.000000,2362.0,,
2024-05-17,Both_Events,2102.7200000000003,2024-05-17T03:04:30.000000,2906.4,794.048,P068,2024-05-17T19:00:00.000000,1851.0,1055.4,57330
2024-05-17,Refill_Only,1726.4,2024-05-17T20:22:30.000000,2664.8,934.624,,,,,
2024-05-18,Both_Events,2431.36,2024-05-18T13:50:00.000000,3143.136,695.5840000000001,SST,2024-05-18T07:00:00.000000,2742.0,401.13599999999997,24600
2024-05-18,Supply_Only,,,,,SST,2024-05-18T19:00:00.000000,2333.0,,
2024-05-19,Both_Events,2068.16,2024-05-19T05:39:30.000000,3062.1440000000002,963.5200000000001,SST,2024-05-19T19:00:00.000000,2171.0,891.1440000000002,48030
2024-05-20,Refill_Only,1945.6,2024-05-20T03:30:00.000000,3084.0,1136.4479999999999,,,,,
2024-05-21,Both_Events,2211.84,2024-05-21T09:35:00.000000,2995.264,760.2239999999999,SST,2024-05-21T07:00:00.000000,2625.0,370.2640000000001,9300
2024-05-21,Supply_Only,,,,,P068,2024-05-21T19:00:00.000000,1933.0,,
2024-05-22,Refill_Only,1686.0800000000002,2024-05-22T03:59:00.000000,3114.6240000000003,1414.0480000000002,,,,,
2024-05-23,Both_Events,1964.16,2024-05-23T20:58:30.000000,2816.448,866.3680000000002,SST,2024-05-23T19:00:00.000000,2211.0,605.4479999999999,7110
2024-05-24,Both_Events,2088.64,2024-05-24T15:44:00.000000,3069.536,948.7040000000001,P068,2024-05-24T07:00:00.000000,2406.0,663.5360000000001,31440
2024-05-25,Both_Events,1889.9199999999998,2024-05-25T12:54:00.000000,2916.2559999999994,1030.592,SST,2024-05-25T07:00:00.000000,1901.0,1015.2559999999994,21240
2024-05-26,Both_Events,1876.1599999999999,2024-05-26T08:34:00.000000,2842.976,968.9279999999999,SST,2024-05-26T08:00:00.000000,2035.0,807.9760000000001,2040
2024-05-26,Supply_Only,,,,,SST,2024-05-26T19:00:00.000000,2322.0,,
2024-05-27,Both_Events,2056.3199999999997,2024-05-27T04:51:30.000000,2962.688,905.7279999999998,P068,2024-05-27T08:00:00.000000,836.0,2126.688,11310
2024-05-27,Refill_Only,193.92000000000007,2024-05-27T13:16:00.000000,3032.032,2338.8160000000003,,,,,
2024-05-28,Both_Events,2033.92,2024-05-28T09:29:00.000000,2970.272,752.9280000000001,P068,2024-05-28T07:00:00.000000,2664.0,306.27199999999993,8940
2024-05-29,Supply_Only,,,,,P068,2024-05-29T17:00:00.000000,2428.0,,
2024-05-30,Both_Events,2226.24,2024-05-30T01:00:00.000000,3184.32,939.3279999999999,SST,2024-05-30T17:00:00.000000,2285.0,899.3200000000002,57600
2024-05-31,Refill_Only,1976.96,2024-05-31T03:22:00.000000,2761.3119999999994,781.568,,,,,
2024-07-20,Both_Events,2345.92,2024-07-20T11:08:30.000000,3030.9440000000004,669.6000000000001,SST,2024-07-20T06:00:00.000000,2810.0,220.94400000000041,18510
2024-07-21,Both_Events,2234.8799999999997,2024-07-21T12:51:30.000000,3105.8239999999996,846.0799999999999,SST,2024-07-21T08:00:00.000000,2543.0,562.8239999999996,17490
2024-07-22,Both_Events,2124.16,2024-07-22T09:08:00.000000,3071.968,893.632,P068,2024-07-22T08:00:00.000000,2476.0,595.9679999999998,4080
2024-07-23,Both_Events,2205.4399999999996,2024-07-23T15:40:30.000000,3100.8959999999997,857.408,P068,2024-07-23T07:00:00.000000,2565.0,535.8959999999997,31230
2024-07-24,Both_Events,2071.68,2024-07-24T15:40:30.000000,2860.6719999999996,776.192,SST,2024-07-24T07:00:00.000000,2405.0,455.67199999999957,31230
2024-07-25,Both_Events,2114.8799999999997,2024-07-25T15:23:30.000000,3072.736,965.152,SST,2024-07-25T08:00:00.000000,2136.0,936.7359999999999,26610
2024-07-26,Both_Events,1965.4399999999998,2024-07-26T15:50:00.000000,2620.5439999999994,642.432,SST,2024-07-26T07:00:00.000000,2310.0,310.5439999999994,31800
2024-07-27,Both_Events,2085.7599999999998,2024-07-27T16:57:30.000000,2976.7679999999996,899.296,P068,2024-07-27T08:00:00.000000,2330.0,646.7679999999996,32250
2024-07-28,Both_Events,2132.16,2024-07-28T20:18:00.000000,3037.344,897.1519999999998,P068,2024-07-28T19:00:00.000000,2410.0,627.344,4680
2024-07-29,Supply_Only,,,,,SST,2024-07-29T19:00:00.000000,2047.0,,
2024-07-30,Both_Events,1438.7199999999998,2024-07-30T01:57:30.000000,2810.048,1376.928,SST,2024-07-30T07:00:00.000000,2027.0,783.0479999999998,18150
2024-07-30,Both_Events,1997.44,2024-07-30T13:51:00.000000,3044.8,1056.2879999999998,SST,2024-07-30T19:00:00.000000,2125.0,919.8000000000002,18540
2024-07-31,Both_Events,1696.32,2024-07-31T00:49:30.000000,3153.3439999999996,1444.9920000000002,SST,2024-07-31T19:00:00.000000,2182.0,971.3439999999996,65430
2024-07-31,Refill_Only,1931.8399999999997,2024-07-31T20:44:30.000000,2780.96,877.6959999999999,,,,,
2024-08-03,Both_Events,2145.9199999999996,2024-08-03T21:47:30.000000,2885.728,739.2319999999999,P068,2024-08-03T19:00:00.000000,2300.0,585.7280000000001,10050
2024-08-05,Both_Events,2204.16,2024-08-05T20:07:00.000000,3055.424,830.144,P068,2024-08-05T19:00:00.000000,2723.0,332.424,4020
2024-08-06,Both_Events,2141.44,2024-08-06T21:26:00.000000,3039.7439999999997,874.144,P068,2024-08-06T19:00:00.000000,2473.0,566.7439999999997,8760
2024-08-08,Both_Events,2211.2,2024-08-08T20:19:00.000000,3063.552,829.024,P068,2024-08-08T19:00:00.000000,2553.0,510.55200000000013,4740
2024-08-09,Supply_Only,,,,,P068,2024-08-09T19:00:00.000000,2562.0,,
2024-08-10,Both_Events,2207.3599999999997,2024-08-10T02:02:00.000000,3079.424,847.9680000000001,SST,2024-08-10T19:00:00.000000,2049.0,1030.424,61080
2024-08-11,Both_Events,1841.2800000000002,2024-08-11T04:01:00.000000,2723.456,884.4159999999999,SST,2024-08-11T19:00:00.000000,2451.0,272.45600000000013,53940
2024-08-11,Refill_Only,1971.8400000000001,2024-08-11T22:11:30.000000,2769.184,800.832,,,,,
2024-08-12,Both_Events,2171.52,2024-08-12T17:03:00.000000,2984.256,796.032,SST,2024-08-12T07:00:00.000000,2564.0,420.25599999999986,36180
2024-08-13,Both_Events,2164.8,2024-08-13T20:55:30.000000,3039.1040000000003,859.1360000000001,P068,2024-08-13T19:00:00.000000,2490.0,549.1040000000003,6930
2024-08-14,Both_Events,1946.88,2024-08-14T21:06:00.000000,2818.432,888.7359999999999,P068,2024-08-14T19:00:00.000000,2635.0,183.4319999999998,7560
2024-08-15,Supply_Only,,,,,SST,2024-08-15T19:00:00.000000,2459.0,,
2024-08-16,Both_Events,2156.16,2024-08-16T05:35:00.000000,3070.2400000000002,901.4399999999999,SST,2024-08-16T19:00:00.000000,2605.0,465.24000000000024,48300
2024-08-17,Both_Events,1304.0,2024-08-17T05:12:30.000000,2969.7920000000004,767.4240000000001,P068,2024-08-17T19:00:00.000000,2150.0,819.7920000000004,49650
2024-08-17,Refill_Only,1956.8000000000002,2024-08-17T23:01:30.000000,2998.1119999999996,1047.2,,,,,
2024-08-18,Refill_Only,1234.2399999999998,2024-08-18T14:01:00.000000,3034.7519999999995,1779.0720000000006,,,,,
2024-08-19,Both_Events,2018.88,2024-08-19T09:38:00.000000,3004.064,955.4559999999999,P068,2024-08-19T07:00:00.000000,2270.0,734.0639999999999,9480
2024-08-19,Supply_Only,,,,,SST,2024-08-19T19:00:00.000000,2223.0,,
2024-08-20,Both_Events,1965.12,2024-08-20T02:48:00.000000,3111.1040000000003,1139.0399999999997,SST,2024-08-20T19:00:00.000000,2341.0,770.1040000000003,58320
2024-08-21,Both_Events,2129.92,2024-08-21T01:16:30.000000,3097.024,960.32,P068,2024-08-21T19:00:00.000000,2185.0,912.0239999999999,63810
2024-08-21,Refill_Only,2018.56,2024-08-21T21:16:30.000000,3027.424,1036.5439999999999,,,,,
2024-08-22,Both_Events,2148.16,2024-08-22T20:21:30.000000,3031.968,879.8400000000001,SST,2024-08-22T19:00:00.000000,2413.0,618.9679999999998,4890
2024-08-23,Both_Events,2144.3199999999997,2024-08-23T22:58:30.000000,3060.3839999999996,916.5120000000001,SST,2024-08-23T19:00:00.000000,2397.0,663.3839999999996,14310
2024-08-24,Supply_Only,,,,,SST,2024-08-24T19:00:00.000000,2044.0,,
2024-08-25,Refill_Only,1837.12,2024-08-25T04:49:30.000000,3022.816,1196.704,,,,,
2024-08-26,Both_Events,1488.96,2024-08-26T01:56:00.000000,3011.52,1530.976,P068,2024-08-26T19:00:00.000000,1200.0,1811.52,61440
2024-08-27,Both_Events,1983.04,2024-08-27T02:44:00.000000,3073.792,1069.632,SST,2024-08-27T19:00:00.000000,1923.0,1150.792,58560
2024-08-28,Both_Events,1101.1200000000001,2024-08-28T01:50:00.000000,2019.5520000000001,928.128,SST,2024-08-28T07:00:00.000000,2209.0,189.44799999999987,18600
2024-08-28,Refill_Only,2018.56,2024-08-28T10:43:00.000000,3076.2239999999997,1031.9360000000001,,,,,
2024-08-29,Both_Events,2150.7200000000003,2024-08-29T21:57:30.000000,2994.8160000000003,843.6800000000001,P068,2024-08-29T19:00:00.000000,2484.0,510.81600000000026,10650
2024-08-30,Both_Events,1818.88,2024-08-30T16:13:30.000000,3114.6240000000003,1281.0880000000002,SST,2024-08-30T07:00:00.000000,2038.0,1076.6240000000003,33210
2024-09-01,Both_Events,2040.32,2024-09-01T03:41:00.000000,3066.0480000000002,1016.4799999999999,SURTIDOR-TRUCKSHOP,2024-09-01T03:38:47.180000,2267.0,799.0480000000002,132
2024-09-01,Both_Events,1673.6,2024-09-01T21:12:30.000000,3088.576,1400.48,SST,2024-09-01T19:00:00.000000,1954.0,1134.576,7950
2024-09-02,Both_Events,2094.72,2024-09-02T17:34:30.000000,2908.3199999999997,808.48,SURTIDOR-TRUCKSHOP,2024-09-02T17:32:40.543000,2450.0,458.3199999999997,109
2024-09-03,Both_Events,2120.96,2024-09-03T10:49:00.000000,3038.4,904.384,P068,2024-09-03T08:00:00.000000,2422.0,616.4000000000001,10140
2024-09-04,Both_Events,2346.88,2024-09-04T10:05:30.000000,2991.5199999999995,594.144,SST,2024-09-04T08:00:00.000000,2867.0,124.51999999999953,7530
2024-09-05,Both_Events,2156.7999999999997,2024-09-05T15:22:30.000000,3049.7599999999998,891.7119999999999,SURTIDOR-TRUCKSHOP,2024-09-05T15:20:52.920000,2568.0,481.75999999999976,97
2024-09-06,Both_Events,1824.3200000000002,2024-09-06T13:21:00.000000,2914.304,1068.0639999999999,SST,2024-09-06T08:00:00.000000,1872.0,1042.304,19260
2024-09-07,Both_Events,2099.2,2024-09-07T09:27:30.000000,3072.0,944.96,P068,2024-09-07T08:00:00.000000,2426.0,646.0,5250
2024-09-08,Both_Events,2047.3600000000001,2024-09-08T08:36:00.000000,3068.5119999999997,1014.592,SST,2024-09-08T08:00:00.000000,2265.0,803.5119999999997,2160
2024-09-08,Supply_Only,,,,,SURTIDOR-TRUCKSHOP,2024-09-08T15:05:56.993000,2637.0,,
2024-09-09,Both_Events,2174.72,2024-09-09T08:15:00.000000,3058.9120000000003,845.568,SST,2024-09-09T08:00:00.000000,2524.0,534.9120000000003,900
2024-09-10,Both_Events,2082.56,2024-09-10T08:43:00.000000,2816.928,727.9680000000001,SURTIDOR-TRUCKSHOP,2024-09-10T08:41:46.240000,2461.0,355.9279999999999,73
2024-09-11,Both_Events,1832.9599999999998,2024-09-11T03:37:00.000000,2671.7120000000004,844.8,SURTIDOR-TRUCKSHOP,2024-09-11T03:35:04.780000,2572.0,99.71200000000044,115
2024-09-11,Both_Events,1828.48,2024-09-11T21:50:30.000000,2851.8720000000003,990.816,SST,2024-09-11T20:00:00.000000,2013.0,838.8720000000003,6630
2024-09-12,Both_Events,2140.4799999999996,2024-09-12T21:00:00.000000,2874.912,726.848,SST,2024-09-12T20:00:00.000000,2506.0,368.9119999999998,3600
2024-09-13,Refill_Only,2100.16,2024-09-13T16:00:00.000000,3105.12,979.424,,,,,
2024-09-14,Both_Events,2371.2,2024-09-14T15:13:00.000000,2960.0319999999997,578.208,SST,2024-09-14T08:00:00.000000,2806.0,154.0319999999997,25980
2024-09-15,Both_Events,903.6800000000001,2024-09-15T02:00:30.000000,2887.2,1991.52,SST,2024-09-15T07:00:00.000000,2256.0,631.1999999999998,17970
2024-09-15,Refill_Only,1995.1999999999998,2024-09-15T17:03:30.000000,2864.096,862.5920000000002,,,,,
2024-09-16,Both_Events,2122.24,2024-09-16T09:41:30.000000,3061.0559999999996,898.208,P068,2024-09-16T06:00:00.000000,2432.0,629.0559999999996,13290
2024-09-17,Both_Events,2326.08,2024-09-17T20:42:29.000000,3065.92,675.5199999999999,P068,2024-09-17T19:00:00.000000,2833.0,232.92000000000007,6149
2024-09-19,Both_Events,2065.28,2024-09-19T10:00:00.000000,3185.728,1147.5839999999996,SST,2024-09-19T07:00:00.000000,2136.0,1049.728,10800
2024-09-20,Both_Events,2230.08,2024-09-20T17:37:00.000000,3094.56,817.2479999999999,SST,2024-09-20T07:00:00.000000,2580.0,514.56,38220
2024-09-21,Supply_Only,,,,,P068,2024-09-21T19:00:00.000000,2263.0,,
2024-09-22,Both_Events,2024.3200000000002,2024-09-22T03:46:00.000000,3026.3039999999996,977.8880000000001,SST,2024-09-22T19:00:00.000000,2172.0,854.3039999999996,54840
2024-09-23,Both_Events,2108.1600000000003,2024-09-23T01:55:00.000000,3101.6,995.616,SST,2024-09-23T19:00:00.000000,2521.0,580.5999999999999,61500
2024-09-24,Both_Events,2158.08,2024-09-24T03:46:00.000000,3039.104,879.5840000000002,SST,2024-09-24T19:00:00.000000,2030.0,1009.1039999999998,54840
2024-09-25,Refill_Only,1904.3200000000002,2024-09-25T01:53:30.000000,3116.7359999999994,1192.512,,,,,
2024-09-25,Refill_Only,1924.8,2024-09-25T22:06:00.000000,2980.16,1015.9039999999999,,,,,
2024-09-27,Both_Events,1593.92,2024-09-27T14:12:00.000000,2930.88,1333.5359999999998,SST,2024-09-27T07:00:00.000000,1670.0,1260.88,25920
2024-09-28,Both_Events,2138.88,2024-09-28T20:56:00.000000,3073.7920000000004,909.8880000000001,P068,2024-09-28T19:00:00.000000,2454.0,619.7920000000004,6960
2024-09-29,Supply_Only,,,,,SST,2024-09-29T19:00:00.000000,2181.0,,
2024-09-30,Both_Events,1942.08,2024-09-30T02:59:30.000000,3082.944,1109.664,SST,2024-09-30T19:00:00.000000,2341.0,741.944,57630
2024-09-30,Refill_Only,2070.4,2024-09-30T21:44:30.000000,3078.0160000000005,985.4720000000001,,,,,
2024-10-02,Both_Events,1712.6399999999999,2024-10-02T21:06:30.000000,3071.68,1316.3520000000003,SST,2024-10-02T19:00:00.000000,1951.0,1120.6799999999998,7590
2024-10-03,Both_Events,2174.4,2024-10-03T20:42:30.000000,2975.136,779.5840000000001,SST,2024-10-03T18:00:00.000000,2544.0,431.13599999999997,9750
2024-10-04,Both_Events,1325.44,2024-10-04T20:14:00.000000,2268.1279999999997,941.152,SST,2024-10-04T18:00:00.000000,2382.0,113.8720000000003,8040
2024-10-05,Both_Events,1144.6399999999999,2024-10-05T01:52:30.000000,3160.384,2003.1680000000001,SST,2024-10-05T18:00:00.000000,2056.0,1104.384,58050
2024-10-06,Refill_Only,1875.52,2024-10-06T00:45:00.000000,3160.736,1267.712,,,,,
2024-10-07,Refill_Only,1028.8,2024-10-07T00:55:00.000000,2837.0240000000003,1807.136,,,,,
2024-10-09,Supply_Only,,,,,SST,2024-10-09T19:00:00.000000,2294.0,,
2024-10-10,Refill_Only,2087.3599999999997,2024-10-10T05:15:00.000000,3064.2879999999996,983.0079999999998,,,,,
2024-10-11,Both_Events,2246.7200000000003,2024-10-11T07:58:30.000000,3048.32,761.7280000000001,P068,2024-10-11T07:00:00.000000,2688.0,360.32000000000016,3510
2024-10-12,Both_Events,2145.6,2024-10-12T09:28:00.000000,3059.968,880.608,SST,2024-10-12T07:00:00.000000,2506.0,553.9679999999998,8880
2024-10-12,Supply_Only,,,,,SST,2024-10-12T19:00:00.000000,2259.0,,
2024-10-13,Both_Events,2033.28,2024-10-13T04:25:30.000000,3037.3119999999994,980.0959999999999,P068,2024-10-13T19:00:00.000000,2264.0,773.3119999999994,52470
2024-10-13,Refill_Only,2016.96,2024-10-13T22:51:30.000000,3064.288,1016.992,,,,,
2024-10-14,Supply_Only,,,,,SST,2024-10-14T19:00:00.000000,2484.0,,
2024-10-15,Both_Events,216.31999999999994,2024-10-15T00:12:00.000000,2985.984,982.2720000000002,SST,2024-10-15T08:00:00.000000,2232.0,753.9839999999999,28080
2024-10-15,Refill_Only,1476.48,2024-10-15T00:58:30.000000,3135.04,1144.768,,,,,
2024-10-15,Refill_Only,2015.36,2024-10-15T17:19:00.000000,3084.576,1006.528,,,,,
2024-10-16,Both_Events,2208.96,2024-10-16T14:41:00.000000,3026.6879999999996,816.2559999999999,SST,2024-10-16T08:00:00.000000,2521.0,505.68799999999965,24060
2024-10-17,Both_Events,2364.8,2024-10-17T09:30:30.000000,3182.912,821.3759999999999,SST,2024-10-17T08:00:00.000000,2542.0,640.9119999999998,5430
2024-10-18,Both_Events,1946.56,2024-10-18T08:40:30.000000,2828.2559999999994,867.2,SURTIDOR-TRUCKSHOP,2024-10-18T08:37:23.637000,2203.0,625.2559999999994,186
2024-10-18,Supply_Only,,,,,P068,2024-10-18T20:00:00.000000,2485.0,,
2024-10-19,Both_Events,2170.24,2024-10-19T01:59:30.000000,3074.4959999999996,875.0400000000002,SST,2024-10-19T20:00:00.000000,2149.0,925.4959999999996,64830
2024-10-20,Both_Events,1517.12,2024-10-20T01:55:00.000000,3143.136,1618.8159999999998,SST,2024-10-20T20:00:00.000000,2335.0,808.136,65100
2024-10-21,Refill_Only,2087.68,2024-10-21T03:29:30.000000,3095.264,981.0880000000001,,,,,
2024-10-22,Both_Events,1808.96,2024-10-22T15:44:00.000000,2992.832,1212.192,SST,2024-10-22T08:00:00.000000,1910.0,1082.8319999999999,27840
2024-10-23,Both_Events,2136.6400000000003,2024-10-23T20:11:00.000000,3124.1279999999997,984.3520000000001,P068,2024-10-23T20:00:00.000000,2324.0,800.1279999999997,660
2024-10-24,Both_Events,1673.6000000000001,2024-10-24T21:24:59.000000,3112.864,1419.0079999999998,P068,2024-10-24T20:00:00.000000,1951.0,1161.864,5099
2024-10-26,Both_Events,2093.12,2024-10-26T14:43:30.000000,3091.3920000000007,961.632,P068,2024-10-26T08:00:00.000000,2376.0,715.3920000000007,24210
2024-10-27,Both_Events,2020.8,2024-10-27T10:14:00.000000,3052.192,993.4720000000001,P068,2024-10-27T07:00:00.000000,2276.0,776.192,11640
2024-10-28,Both_Events,2326.3999999999996,2024-10-28T13:04:30.000000,3184.32,844.768,P068,2024-10-28T07:00:00.000000,2561.0,623.3200000000002,21870
2024-10-29,Both_Events,1988.48,2024-10-29T10:24:30.000000,3099.1040000000003,1070.688,P068,2024-10-29T07:00:00.000000,2277.0,822.1040000000003,12270
2024-10-30,Both_Events,1120.9599999999998,2024-10-30T00:48:00.000000,2881.2480000000005,1765.536,P068,2024-10-30T07:00:00.000000,1854.0,1027.2480000000005,22320
2024-10-30,Refill_Only,1572.8000000000002,2024-10-30T12:41:30.000000,3141.728,1533.44,,,,,
2024-10-31,Both_Events,2055.68,2024-10-31T08:34:00.000000,3019.264,960.576,SST,2024-10-31T07:00:00.000000,2290.0,729.2640000000001,5640
2024-11-01,Both_Events,354.8799999999999,2024-11-01T12:59:30.000000,3116.3839999999996,964.896,SST,2024-11-01T07:00:00.000000,2257.0,859.3839999999996,21570
2024-11-01,Refill_Only,1151.68,2024-11-01T14:32:00.000000,3114.272,1130.336,,,,,
2024-11-02,Both_Events,2132.48,2024-11-02T13:54:00.000000,3103.0080000000007,972.4480000000001,SST,2024-11-02T07:00:00.000000,2278.0,825.0080000000007,24840
2024-11-03,Both_Events,1973.7600000000002,2024-11-03T12:55:30.000000,3088.576,1113.408,SST,2024-11-03T07:00:00.000000,2092.0,996.576,21330
2024-11-03,Supply_Only,,,,,P068,2024-11-03T19:00:00.000000,1033.0,,
2024-11-04,Both_Events,1527.6799999999998,2024-11-04T01:56:00.000000,3150.88,1598.3999999999999,P068,2024-11-04T19:00:00.000000,2290.0,860.8800000000001,61440
2024-11-04,Refill_Only,1056.9599999999998,2024-11-04T20:35:30.000000,3053.76,1015.744,,,,,
2024-11-05,Both_Events,1615.3600000000001,2024-11-05T23:21:00.000000,2650.3680000000004,1040.192,P068,2024-11-05T19:00:00.000000,2321.0,329.3680000000004,15660
2024-11-06,Both_Events,1449.92,2024-11-06T12:55:00.000000,3108.96,1402.304,P068,2024-11-06T07:00:00.000000,2000.0,1108.96,21300
2024-11-07,Both_Events,2056.0,2024-11-07T09:45:00.000000,3069.184,984.9280000000001,P068,2024-11-07T07:00:00.000000,2302.0,767.1840000000002,9900
2024-11-07,Supply_Only,,,,,SST,2024-11-07T19:00:00.000000,2035.0,,
2024-11-08,Both_Events,1403.84,2024-11-08T00:58:30.000000,3144.192,1735.136,SST,2024-11-08T19:00:00.000000,2028.0,1116.192,64890
2024-11-09,Both_Events,2152.64,2024-11-09T01:55:00.000000,3148.064,981.344,SST,2024-11-09T19:00:00.000000,2451.0,697.0639999999999,61500
2024-11-10,Both_Events,2142.72,2024-11-10T05:32:30.000000,3048.6400000000003,880.992,SST,2024-11-10T20:00:00.000000,2542.0,506.6400000000003,52050
2024-11-11,Both_Events,2182.3999999999996,2024-11-11T03:18:30.000000,3006.2399999999993,804.8319999999999,SST,2024-11-11T20:00:00.000000,2739.0,267.2399999999993,60090
2024-11-12,Both_Events,2307.84,2024-11-12T05:34:00.000000,3029.888,701.5360000000001,P068,2024-11-12T20:00:00.000000,2698.0,331.8879999999999,51960
2024-11-13,Both_Events,2359.04,2024-11-13T00:54:30.000000,3133.984,748.4159999999999,SST,2024-11-13T20:00:00.000000,2558.0,575.9839999999999,68730
2024-11-13,Refill_Only,2153.92,2024-11-13T20:43:30.000000,2844.448,699.6160000000001,,,,,
2024-11-14,Supply_Only,,,,,SST,2024-11-14T20:00:00.000000,2471.0,,
2024-11-15,Both_Events,2194.88,2024-11-15T04:48:30.000000,3059.7120000000004,864.448,SST,2024-11-15T20:00:00.000000,2111.0,948.7120000000004,54690
2024-11-16,Both_Events,1859.8400000000001,2024-11-16T04:28:00.000000,2644.3520000000003,793.7919999999999,SST,2024-11-16T20:00:00.000000,1850.0,794.3520000000003,55920
2024-11-17,Both_Events,2031.04,2024-11-17T01:55:00.000000,2788.8640000000005,744.416,SST,2024-11-17T07:00:00.000000,2264.0,524.8640000000005,18300
2024-11-17,Refill_Only,2059.84,2024-11-17T15:41:00.000000,3055.3920000000003,1015.4559999999999,,,,,
2024-11-18,Both_Events,2192.3199999999997,2024-11-18T10:21:00.000000,3085.0559999999996,851.2,SST,2024-11-18T07:00:00.000000,2570.0,515.0559999999996,12060
2024-11-19,Both_Events,2147.2,2024-11-19T08:14:00.000000,3070.272,909.568,SST,2024-11-19T07:00:00.000000,2435.0,635.2719999999999,4440
2024-11-20,Both_Events,2295.68,2024-11-20T08:14:30.000000,3023.4880000000003,726.24,SST,2024-11-20T07:00:00.000000,2713.0,310.4880000000003,4470
2024-11-21,Both_Events,2173.76,2024-11-21T10:02:30.000000,3025.312,838.2720000000002,SST,2024-11-21T07:00:00.000000,2510.0,515.3119999999999,10950
2024-11-22,Both_Events,2210.88,2024-11-22T10:18:00.000000,2898.9759999999997,689.7279999999998,SURTIDOR-TRUCKSHOP,2024-11-22T10:15:56.327000,2599.0,299.97599999999966,123
2024-11-23,Both_Events,2185.2799999999997,2024-11-23T14:15:30.000000,3086.816,883.3920000000002,SST,2024-11-23T07:00:00.000000,2477.0,609.8159999999998,26130
2024-11-24,Both_Events,2312.0,2024-11-24T14:47:30.000000,3019.616,693.0880000000001,SST,2024-11-24T07:00:00.000000,2751.0,268.616,28050
2024-11-26,Both_Events,2288.3199999999997,2024-11-26T14:39:30.000000,3101.952,779.3280000000001,P068,2024-11-26T07:00:00.000000,2668.0,433.9520000000002,27570
2024-11-27,Both_Events,2027.84,2024-11-27T09:54:30.000000,3052.9280000000003,987.5840000000001,P068,2024-11-27T07:00:00.000000,2277.0,775.9280000000003,10470
2024-11-28,Both_Events,1636.1600000000003,2024-11-28T04:39:30.000000,2783.4559999999997,1141.184,SURTIDOR-TRUCKSHOP,2024-11-28T04:37:54.860000,1772.0,1011.4559999999997,95
2024-11-28,Both_Events,2139.84,2024-11-28T23:02:30.000000,3034.848,876.0,P068,2024-11-28T19:00:00.000000,2481.0,553.848,14550
2024-11-29,Both_Events,2062.4,2024-11-29T17:28:30.000000,3017.5360000000005,947.0720000000001,P068,2024-11-29T07:00:00.000000,2210.0,807.5360000000005,37710
2024-11-30,Both_Events,1751.6800000000003,2024-11-30T09:01:30.000000,2660.352,917.8879999999999,SST,2024-11-30T07:00:00.000000,1915.0,745.3519999999999,7290
2024-11-30,Both_Events,2162.56,2024-11-30T23:15:30.000000,3000.8959999999997,814.6879999999999,SST,2024-11-30T20:00:00.000000,2543.0,457.89599999999973,11730
2024-12-02,Both_Events,2047.04,2024-12-02T04:29:30.000000,2843.936,783.5839999999998,SURTIDOR-TRUCKSHOP,2024-12-02T04:27:25.000000,2361.0,482.93600000000015,125
2024-12-02,Both_Events,2038.08,2024-12-02T21:51:00.000000,3065.3439999999996,1015.1360000000001,SST,2024-12-02T19:00:00.000000,2320.0,745.3439999999996,10260
2024-12-03,Both_Events,2137.92,2024-12-03T20:34:30.000000,3043.008,908.512,SST,2024-12-03T19:00:00.000000,2406.0,637.0079999999998,5670
2024-12-04,Both_Events,1985.28,2024-12-04T20:51:30.000000,2699.776,706.976,SST,2024-12-04T19:00:00.000000,2320.0,379.77599999999984,6690
2024-12-05,Both_Events,2022.08,2024-12-05T13:53:00.000000,2848.832,816.9920000000001,SST,2024-12-05T07:00:00.000000,2212.0,636.8319999999999,24780
2024-12-06,Both_Events,2081.2799999999997,2024-12-06T09:26:00.000000,3034.464,952.5440000000001,SST,2024-12-06T07:00:00.000000,2289.0,745.4639999999999,8760
2024-12-07,Both_Events,2161.6000000000004,2024-12-07T15:19:00.000000,2935.392,769.6960000000001,SST,2024-12-07T07:00:00.000000,2647.0,288.3919999999998,29940
2024-12-08,Both_Events,2127.04,2024-12-08T14:44:30.000000,3030.528,916.064,SST,2024-12-08T07:00:00.000000,2349.0,681.5279999999998,27870
2024-12-09,Both_Events,2036.8000000000002,2024-12-09T20:54:30.000000,2691.9680000000003,672.1599999999999,SST,2024-12-09T19:00:00.000000,2440.0,251.9680000000003,6870
2024-12-10,Both_Events,2075.2,2024-12-10T17:07:00.000000,3051.136,955.9680000000001,SST,2024-12-10T07:00:00.000000,2325.0,726.136,36420
2024-12-11,Both_Events,2143.68,2024-12-11T15:58:30.000000,3065.984,893.8560000000001,SURTIDOR-TRUCKSHOP,2024-12-11T16:35:04.740000,2458.0,607.9839999999999,2194
2024-12-12,Refill_Only,2094.72,2024-12-12T23:28:00.000000,2923.072,827.7119999999999,,,,,
2024-12-13,Supply_Only,,,,,SURTIDOR-TRUCKSHOP,2024-12-13T16:45:55.980000,2428.0,,
2024-12-13,Supply_Only,,,,,SST,2024-12-13T19:00:00.000000,2183.0,,
2024-12-14,Both_Events,2037.1200000000003,2024-12-14T01:54:30.000000,2864.096,788.096,SST,2024-12-14T19:00:00.000000,2311.0,553.096,61530
2024-12-14,Refill_Only,2070.3999999999996,2024-12-14T22:54:00.000000,3053.632,970.5599999999998,,,,,
2024-12-15,Both_Events,1954.24,2024-12-15T21:53:30.000000,2822.816,863.36,P068,2024-12-15T19:00:00.000000,2244.0,578.8159999999998,10410
2024-12-16,Both_Events,2321.6,2024-12-16T21:25:30.000000,3207.904,898.208,SST,2024-12-16T07:00:00.000000,2544.0,663.904,51930
2024-12-17,Supply_Only,,,,,SST,2024-12-17T19:00:00.000000,2000.0,,
2024-12-18,Both_Events,2202.88,2024-12-18T01:48:00.000000,3138.56,939.7760000000001,SST,2024-12-18T19:00:00.000000,2667.0,471.55999999999995,61920
2024-12-19,Refill_Only,2278.3999999999996,2024-12-19T01:54:00.000000,3081.888,780.992,,,,,
2024-12-20,Both_Events,1875.8400000000001,2024-12-20T12:59:00.000000,2736.2239999999997,849.4399999999999,SST,2024-12-20T07:00:00.000000,2050.0,686.2239999999997,21540
2024-12-20,Supply_Only,,,,,SST,2024-12-20T19:00:00.000000,2264.0,,
2024-12-21,Both_Events,2060.16,2024-12-21T04:05:30.000000,3022.7839999999997,947.392,SST,2024-12-21T19:00:00.000000,2362.0,660.7839999999997,53670
2024-12-21,Refill_Only,2085.12,2024-12-21T23:14:30.000000,3029.152,937.1200000000001,,,,,
2024-12-22,Both_Events,2217.6,2024-12-22T19:37:00.000000,3066.3680000000004,808.1600000000001,P068,2024-12-22T20:00:00.000000,2614.0,452.3680000000004,1380
2024-12-23,Both_Events,2094.7200000000003,2024-12-23T16:35:30.000000,3007.2960000000003,905.472,SST,2024-12-23T08:00:00.000000,2374.0,633.2960000000003,30930
2024-12-24,Both_Events,2076.8,2024-12-24T15:39:00.000000,3000.7039999999997,919.2639999999999,SST,2024-12-24T08:00:00.000000,2315.0,685.7039999999997,27540
2024-12-25,Both_Events,2260.16,2024-12-25T13:58:30.000000,3174.8160000000007,890.4,SST,2024-12-25T08:00:00.000000,2400.0,774.8160000000007,21510
2024-12-26,Both_Events,1984.96,2024-12-26T08:37:00.000000,2891.104,901.7280000000001,P068,2024-12-26T08:00:00.000000,2600.0,291.1039999999998,2220
2024-12-26,Supply_Only,,,,,SST,2024-12-26T20:00:00.000000,1502.0,,
2024-12-27,Both_Events,1494.7200000000003,2024-12-27T02:00:30.000000,2672.768,1175.8719999999998,SST,2024-12-27T08:00:00.000000,2237.0,435.76800000000003,21570
2024-12-27,Refill_Only,2011.5199999999998,2024-12-27T16:55:30.000000,3105.12,1070.6560000000002,,,,,
2024-12-28,Both_Events,1994.2399999999998,2024-12-28T12:52:00.000000,3193.472,1197.248,SST,2024-12-28T07:00:00.000000,2151.0,1042.4720000000002,21120
2024-12-29,Both_Events,1412.1599999999999,2024-12-29T12:55:00.000000,2377.6639999999998,967.296,SST,2024-12-29T07:00:00.000000,2016.0,361.66399999999976,21300
2024-12-29,Supply_Only,,,,,SST,2024-12-29T19:00:00.000000,2430.0,,
2024-12-30,Both_Events,2034.8799999999999,2024-12-30T03:44:30.000000,2624.5440000000003,580.0,SST,2024-12-30T19:00:00.000000,2436.0,188.54400000000032,54930
2024-12-30,Refill_Only,1980.16,2024-12-30T22:49:00.000000,2762.8160000000003,796.6080000000001,,,,,
2024-12-31,Both_Events,2016.3200000000002,2024-12-31T20:50:30.000000,2966.944,963.232,SST,2024-12-31T19:00:00.000000,2203.0,763.944,6630
2025-01-01,Both_Events,2160.96,2025-01-01T20:07:00.000000,3030.2399999999993,866.1120000000001,SST,2025-01-01T19:00:00.000000,2474.0,556.2399999999993,4020
2025-01-02,Both_Events,2121.92,2025-01-02T17:21:00.000000,3097.0240000000003,919.0079999999998,SST,2025-01-02T07:00:00.000000,2560.0,537.0240000000003,37260
2025-01-03,Both_Events,1850.2399999999998,2025-01-03T12:51:30.000000,3188.5440000000003,1348.576,SST,2025-01-03T07:00:00.000000,2015.0,1173.5440000000003,21090
2025-01-04,Both_Events,2092.16,2025-01-04T10:21:00.000000,3079.7760000000003,956.0,P068,2025-01-04T07:00:00.000000,2374.0,705.7760000000003,12060
2025-01-04,Supply_Only,,,,,P068,2025-01-04T19:00:00.000000,1748.0,,
2025-01-05,Both_Events,1411.2000000000003,2025-01-05T03:13:00.000000,3190.656,1767.4560000000006,P068,2025-01-05T19:00:00.000000,2178.0,1012.656,56820
2025-01-05,Refill_Only,1897.6,2025-01-05T22:31:30.000000,3091.04,1163.0720000000001,,,,,
2025-01-06,Supply_Only,,,,,P068,2025-01-06T19:00:00.000000,2511.0,,
2025-01-07,Refill_Only,2159.68,2025-01-07T04:45:30.000000,3105.4719999999998,902.2719999999999,,,,,
2025-01-09,Both_Events,1707.84,2025-01-09T17:17:00.000000,2680.608,978.1759999999998,SST,2025-01-09T07:00:00.000000,2524.0,156.60800000000017,37020
2025-01-10,Both_Events,1969.92,2025-01-10T16:08:30.000000,2984.5440000000003,1006.3040000000001,SST,2025-01-10T07:00:00.000000,2160.0,824.5440000000003,32910
2025-01-11,Both_Events,2087.68,2025-01-11T15:13:30.000000,3046.2079999999996,958.4320000000001,SST,2025-01-11T07:00:00.000000,2318.0,728.2079999999996,29610
2025-01-12,Both_Events,2157.7599999999998,2025-01-12T16:33:30.000000,3071.3280000000004,904.6719999999999,SST,2025-01-12T07:00:00.000000,2416.0,655.3280000000004,34410
2025-01-13,Both_Events,2257.92,2025-01-13T12:54:00.000000,3078.0159999999996,804.5759999999999,SST,2025-01-13T07:00:00.000000,2543.0,535.0159999999996,21240
2025-01-13,Supply_Only,,,,,SST,2025-01-13T19:00:00.000000,2265.0,,
2025-01-14,Both_Events,2067.2,2025-01-14T03:49:30.000000,3050.016,976.2880000000001,SST,2025-01-14T19:00:00.000000,2472.0,578.0160000000001,54630
2025-01-14,Refill_Only,2165.12,2025-01-14T20:42:00.000000,3059.6800000000003,866.912,,,,,
2025-01-15,Both_Events,2129.92,2025-01-15T17:08:00.000000,3045.1200000000003,872.2239999999999,SST,2025-01-15T07:00:00.000000,2402.0,643.1200000000003,36480
2025-01-16,Both_Events,2307.84,2025-01-16T14:51:00.000000,3044.128,699.904,P068,2025-01-16T07:00:00.000000,2821.0,223.12800000000016,28260
2025-01-17,Both_Events,2429.44,2025-01-17T14:27:30.000000,3041.5359999999996,585.1200000000001,SST,2025-01-17T07:00:00.000000,2544.0,497.5359999999996,26850
2025-01-18,Both_Events,2226.2400000000002,2025-01-18T16:37:30.000000,3025.2799999999997,759.4240000000001,SST,2025-01-18T07:00:00.000000,2668.0,357.27999999999975,34650
2025-01-19,Both_Events,2183.04,2025-01-19T20:17:30.000000,3085.7599999999998,852.576,P068,2025-01-19T19:00:00.000000,2534.0,551.7599999999998,4650
2025-01-20,Both_Events,2119.3599999999997,2025-01-20T21:06:30.000000,2961.984,828.1600000000001,SURTIDOR-TRUCKSHOP,2025-01-20T21:03:45.330000,2444.0,517.9839999999999,164
2025-01-21,Both_Events,2104.0,2025-01-21T17:30:30.000000,3051.5199999999995,931.6479999999999,SST,2025-01-21T06:00:00.000000,2372.0,679.5199999999995,41430
2025-01-22,Both_Events,2067.52,2025-01-22T16:26:00.000000,3060.704,943.9039999999999,P068,2025-01-22T06:00:00.000000,2400.0,660.7040000000002,37560
2025-01-23,Both_Events,2157.1200000000003,2025-01-23T23:42:30.000000,2740.2239999999997,577.4720000000001,SURTIDOR-TRUCKSHOP,2025-01-23T23:40:39.860000,2564.0,176.2239999999997,110
2025-01-24,Both_Events,2219.2,2025-01-24T16:55:00.000000,2971.6159999999995,722.2719999999999,SST,2025-01-24T06:00:00.000000,2645.0,326.61599999999953,39300
2025-01-25,Both_Events,2272.3199999999997,2025-01-25T22:01:00.000000,3054.016,775.008,P068,2025-01-25T19:00:00.000000,2648.0,406.0160000000001,10860
2025-01-26,Both_Events,2197.44,2025-01-26T23:32:30.000000,2989.0880000000006,765.376,P068,2025-01-26T19:00:00.000000,2600.0,389.08800000000065,16350
2025-01-27,Both_Events,2208.3199999999997,2025-01-27T21:03:00.000000,3071.2959999999994,808.48,P068,2025-01-27T19:00:00.000000,2630.0,441.29599999999937,7380
2025-01-28,Both_Events,2156.48,2025-01-28T21:32:30.000000,2976.704,792.064,P068,2025-01-28T19:00:00.000000,2531.0,445.7040000000002,9150
2025-01-29,Both_Events,2327.6800000000003,2025-01-29T22:01:00.000000,2998.048,673.5040000000001,P068,2025-01-29T19:00:00.000000,2730.0,268.0479999999998,10860
2025-01-30,Both_Events,1764.8000000000002,2025-01-30T16:26:30.000000,2564.8320000000003,801.1200000000001,SST,2025-01-30T07:00:00.000000,2008.0,556.8320000000003,33990
2025-01-31,Both_Events,2144.0,2025-01-31T08:12:30.000000,3061.7599999999993,885.216,P068,2025-01-31T07:00:00.000000,2505.0,556.7599999999993,4350
2025-01-31,Supply_Only,,,,,P068,2025-01-31T19:00:00.000000,2393.0,,
2025-02-01,Both_Events,2109.12,2025-02-01T02:10:30.000000,3101.952,947.616,P068,2025-02-01T18:00:00.000000,2281.0,820.9520000000002,56970
2025-02-01,Refill_Only,2053.4399999999996,2025-02-01T21:16:30.000000,3069.216,1003.424,,,,,
2025-02-02,Both_Events,2029.12,2025-02-02T16:51:30.000000,3024.5440000000003,977.824,SST,2025-02-02T06:00:00.000000,2243.0,781.5440000000003,39090
2025-02-03,Both_Events,2039.3600000000001,2025-02-03T16:44:00.000000,3013.632,952.7040000000001,SST,2025-02-03T06:00:00.000000,2281.0,732.6320000000001,38640
2025-02-04,Both_Events,2043.84,2025-02-04T15:34:30.000000,3034.816,990.5279999999999,SST,2025-02-04T06:00:00.000000,2248.0,786.8159999999998,34470
2025-02-05,Both_Events,1985.6,2025-02-05T09:41:00.000000,2826.272,810.752,P068,2025-02-05T06:00:00.000000,2222.0,604.2719999999999,13260
2025-02-05,Supply_Only,,,,,SST,2025-02-05T19:00:00.000000,2048.0,,
2025-02-06,Both_Events,1747.52,2025-02-06T03:09:30.000000,2442.9440000000004,707.232,SST,2025-02-06T06:00:00.000000,2045.0,397.9440000000004,10230
2025-02-06,Refill_Only,1909.12,2025-02-06T13:56:30.000000,3151.936,1230.9119999999998,,,,,
2025-02-07,Both_Events,1784.0,2025-02-07T22:30:30.000000,3063.936,962.208,SST,2025-02-07T19:00:00.000000,2307.0,756.9360000000001,12630
2025-02-08,Both_Events,1993.9199999999998,2025-02-08T16:05:30.000000,3033.728,1030.592,SST,2025-02-08T06:00:00.000000,2171.0,862.7280000000001,36330
2025-02-09,Both_Events,1882.56,2025-02-09T12:49:30.000000,3158.976,1257.056,SST,2025-02-09T06:00:00.000000,2057.0,1101.976,24570
2025-02-10,Both_Events,1250.2400000000002,2025-02-10T14:58:30.000000,1817.7599999999998,576.4159999999999,SURTIDOR-TRUCKSHOP,2025-02-10T14:58:04.560000,1464.0,353.75999999999976,25
2025-02-10,Both_Events,733.7599999999998,2025-02-10T20:58:30.000000,3043.36,937.3760000000002,P068,2025-02-10T19:00:00.000000,2370.0,673.3600000000001,7110
2025-02-11,Both_Events,1323.8400000000001,2025-02-11T14:37:30.000000,2049.3120000000004,730.208,SURTIDOR-TRUCKSHOP,2025-02-11T14:35:25.530000,1527.0,522.3120000000004,124
2025-02-12,Both_Events,2150.08,2025-02-12T02:44:00.000000,3122.368,970.016,SURTIDOR-TRUCKSHOP,2025-02-12T02:40:14.140000,2350.0,772.3679999999999,225
2025-02-12,Supply_Only,,,,,SST,2025-02-12T19:00:00.000000,2376.0,,
2025-02-13,Both_Events,2122.88,2025-02-13T02:07:30.000000,3041.952,917.6,P068,2025-02-13T19:00:00.000000,2480.0,561.9520000000002,60750
2025-02-13,Refill_Only,2062.72,2025-02-13T23:25:30.000000,3061.8239999999996,883.392,,,,,
2025-02-14,Both_Events,2216.3199999999997,2025-02-14T21:36:00.000000,3012.2239999999997,802.4960000000001,P068,2025-02-14T19:00:00.000000,2499.0,513.2239999999997,9360
2025-02-15,Both_Events,2093.12,2025-02-15T20:02:00.000000,2935.424,845.824,P068,2025-02-15T19:00:00.000000,2427.0,508.424,3720
2025-02-16,Both_Events,2108.48,2025-02-16T16:33:30.000000,3044.032,885.4399999999999,SURTIDOR-TRUCKSHOP,2025-02-16T16:31:07.780000,2448.0,596.0320000000002,142
2025-02-17,Both_Events,2141.12,2025-02-17T19:35:00.000000,3060.6719999999996,825.824,SURTIDOR-TRUCKSHOP,2025-02-17T19:35:56.743000,2576.0,484.67199999999957,56
2025-02-18,Both_Events,2073.92,2025-02-18T16:18:00.000000,3015.04,949.5040000000001,SST,2025-02-18T07:00:00.000000,2284.0,731.04,33480
2025-02-19,Both_Events,806.0799999999999,2025-02-19T01:00:00.000000,3211.0719999999997,2400.192,P068,2025-02-19T19:00:00.000000,2668.0,543.0719999999997,64800
2025-02-19,Refill_Only,2069.12,2025-02-19T21:15:30.000000,2987.104,768.128,,,,,
2025-02-20,Both_Events,1572.48,2025-02-20T15:41:00.000000,2988.032,689.6960000000001,SST,2025-02-20T07:00:00.000000,2731.0,257.03200000000015,31260
2025-02-21,Both_Events,1052.16,2025-02-21T09:05:30.000000,3049.0240000000003,985.984,P068,2025-02-21T07:00:00.000000,2310.0,739.0240000000003,7530
2025-02-21,Supply_Only,,,,,P068,2025-02-21T19:00:00.000000,2427.0,,
2025-02-22,Refill_Only,2125.4399999999996,2025-02-22T00:57:00.000000,3039.072,904.4800000000001,,,,,
2025-02-23,Both_Events,2200.0,2025-02-23T05:44:30.000000,3144.192,947.5520000000002,SURTIDOR-TRUCKSHOP,2025-02-23T05:40:30.527000,2385.0,759.192,239
2025-02-23,Supply_Only,,,,,P068,2025-02-23T20:00:00.000000,2424.0,,
2025-02-24,Both_Events,2328.96,2025-02-24T02:30:00.000000,3071.68,724.8639999999999,P068,2025-02-24T20:00:00.000000,2434.0,637.6799999999998,63000
2025-02-25,Both_Events,2153.92,2025-02-25T01:40:00.000000,3110.7519999999995,927.808,SST,2025-02-25T08:00:00.000000,1860.0,1250.7519999999995,22800
2025-02-25,Refill_Only,1465.6,2025-02-25T13:46:30.000000,3138.56,1693.568,,,,,
2025-02-26,Both_Events,1323.52,2025-02-26T07:52:30.000000,3032.832,775.36,P068,2025-02-26T08:00:00.000000,2700.0,332.8319999999999,450
2025-02-26,Supply_Only,,,,,SST,2025-02-26T20:00:00.000000,2549.0,,
2025-02-27,Both_Events,2212.7999999999997,2025-02-27T04:03:00.000000,3069.888,828.8,P068,2025-02-27T20:00:00.000000,2512.0,557.8879999999999,57420
2025-02-28,Refill_Only,2192.3199999999997,2025-02-28T03:13:30.000000,3040.096,844.192,,,,,
2025-02-28,Refill_Only,2225.2799999999997,2025-02-28T20:53:00.000000,3059.68,811.008,,,,,
