fecha,Event_Type,refill_TimeStamp,DeltaFuel,valid_fuel,before_avg,supply_TimeStamp,Origin,FuelLevelLiters,dif entreFuelLevel,,,,
2/1/2024,Both_Events,2024-02-01T09:09:00.000000,2150.08,2990.4,841.792,2024-02-01T06:00:00.000000,SST,2452,301.92,,,,
2/2/2024,Both_Events,2024-02-02T08:04:30.000000,2092.48,3022.08,938.4639999999999,2024-02-02T07:00:00.000000,SST,2347,254.52,,,,
2/3/2024,Both_Events,2024-02-03T01:59:00.000000,1179.8400000000001,2926.4,1753.8880000000001,2024-02-03T08:00:00.000000,SST,2451,1271.16,,1,diferencia en valores de combustible,
2/4/2024,Both_Events,2024-02-04T00:57:00.000000,1908.7999999999997,2670.72,768.768,2024-02-04T08:00:00.000000,SST,2202,293.2,,2,"diferenciar el tiempo que se tarde entre el registros en el turno y el atrasado,",
2/4/2024,Both_Events,2024-02-04T16:39:00.000000,2024,3039.68,1036,2024-02-04T08:00:00.000000,SST,1652,-372,,,,registro atrasado cuando la carga ocurre en el turno anterior y se registra en almacenes en el siguiente turno
2/5/2024,Both_Events,2024-02-05T16:21:30.000000,1986.8799999999999,3050.56,1071.2320000000002,2024-02-05T08:00:00.000000,SST,2177,190.12,,,,registro normal  cuando ocurre en el turno y se registra en almacenes en el mismo turno
2/6/2024,Both_Events,2024-02-06T15:32:30.000000,2203.52,2993.92,782.9759999999999,2024-02-06T08:00:00.000000,SST,2538,334.48,,3,"cuando se carga el surtidor: media, mode, desviacion estandar de la diferencia de horaas entre segundos, entre eventos del sensor y surtidor",
2/7/2024,Both_Events,2024-02-07T17:02:30.000000,1598.7200000000003,2635.84,1040.2879999999998,2024-02-07T17:00:37.607000,SURTIDOR-TRUCKSHOP,1700,101.28,,4,"revisar porque los eventos solo de uno, y clasificar el motivo.",
2/8/2024,Both_Events,2024-02-08T08:01:00.000000,1767.6800000000003,2759.36,1002.8800000000001,2024-02-08T07:00:00.000000,SST,1912,144.32,,,,
2/9/2024,Both_Events,2024-02-09T02:55:00.000000,1625.9199999999998,2471.68,837.984,2024-02-09T02:52:25.133000,SURTIDOR-TRUCKSHOP,1859,233.08,,,,
2/9/2024,Both_Events,2024-02-09T20:32:00.000000,2124.48,3008,886.8800000000001,2024-02-09T18:00:00.000000,SST,2541,416.52,,,,
2/12/2024,Both_Events,2024-02-12T08:33:00.000000,2001.6000000000001,2852.8,848.832,2024-02-12T07:00:00.000000,SST,2268,266.4,,,,
2/13/2024,Both_Events,2024-02-13T08:51:30.000000,1787.8400000000001,2660.8,877.4400000000002,2024-02-13T08:49:11.910000,SURTIDOR-TRUCKSHOP,1966,178.16,,,,
2/14/2024,Both_Events,2024-02-14T05:10:30.000000,1892.1599999999999,2867.52,973.5360000000001,2024-02-14T05:08:45.600000,SURTIDOR-TRUCKSHOP,2232,339.84,,,,
2/15/2024,Both_Events,2024-02-15T02:41:30.000000,2222.4,3018.56,804.8639999999999,2024-02-15T02:39:51.743000,SURTIDOR-TRUCKSHOP,2612,389.6,,,,
2/15/2024,Both_Events,2024-02-15T23:01:00.000000,1886.08,2848,961.1200000000001,2024-02-15T18:00:00.000000,SST,2023,136.92,,,,
2/16/2024,Refill_Only,2024-02-16T20:31:30.000000,1936.96,2823.36,886.048,,,,-1936.96,,,,
2/17/2024,Both_Events,2024-02-17T15:37:00.000000,1709.7600000000002,2566.4,857.7280000000001,2024-02-17T08:00:00.000000,SST,2156,446.24,,,,
2/17/2024,Supply_Only,,,,,2024-02-17T15:34:31.617000,SURTIDOR-TRUCKSHOP,1915,1915,,,,
2/18/2024,Both_Events,2024-02-18T10:15:00.000000,1787.5199999999998,2586.24,798.272,2024-02-18T10:12:46.570000,SURTIDOR-TRUCKSHOP,2065,277.48,,,,
2/18/2024,Supply_Only,,,,,2024-02-18T19:00:00.000000,P068,2369,2369,,,,
2/19/2024,Refill_Only,2024-02-19T04:34:00.000000,2061.12,3025.6,964.0319999999998,,,,-2061.12,,,,
2/20/2024,Both_Events,2024-02-20T05:24:30.000000,2044.8,3025.6,984.0959999999999,2024-02-20T05:21:35.720000,SURTIDOR-TRUCKSHOP,2254,209.2,,,,
2/20/2024,Refill_Only,2024-02-20T22:48:00.000000,1791.04,3025.6,1223.936,,,,-1791.04,,,,
2/21/2024,Both_Events,2024-02-21T21:32:00.000000,2167.68,3054.08,890.9119999999999,2024-02-21T08:00:00.000000,SST,2013,-154.68,,,,
2/21/2024,Supply_Only,,,,,2024-02-21T21:30:16.267000,SURTIDOR-TRUCKSHOP,2485,2485,,,,
2/23/2024,Both_Events,2024-02-23T14:45:00.000000,1760.3199999999997,2496.64,739.5199999999999,2024-02-23T14:42:40.143000,SURTIDOR-TRUCKSHOP,2054,293.68,,,,
2/24/2024,Both_Events,2024-02-24T08:44:00.000000,1812.48,3004.48,1182.3039999999999,2024-02-24T07:00:00.000000,SST,2018,205.52,,,,
2/25/2024,Both_Events,2024-02-25T03:44:00.000000,2167.6800000000003,2980.8,812.7679999999999,2024-02-25T08:00:00.000000,SST,2510,342.32,,,,
2/25/2024,Refill_Only,2024-02-25T21:02:30.000000,2150.08,2926.4,778.496,,,,-2150.08,,,,
2/26/2024,Both_Events,2024-02-26T22:53:00.000000,2192,2951.04,769.664,2024-02-26T08:00:00.000000,SST,2575,383,,,,
2/27/2024,Supply_Only,,,,,2024-02-27T08:00:00.000000,SST,2569,2569,,,,
2/28/2024,Refill_Only,2024-02-28T21:44:30.000000,1194.88,3004.48,862.3040000000001,,,,-1194.88,,,,
2/29/2024,Both_Events,2024-02-29T22:23:00.000000,2135.3599999999997,2975.68,841.792,2024-02-29T07:00:00.000000,SST,2398,262.64,,,,
3/1/2024,Both_Events,2024-03-01T23:22:00.000000,1927.04,2759.36,838.208,2024-03-01T08:00:00.000000,SST,2430,502.96,,,,
3/1/2024,Supply_Only,,,,,2024-03-01T23:19:46.343000,SURTIDOR-TRUCKSHOP,2201,2201,,,,
3/2/2024,Both_Events,2024-03-02T17:23:00.000000,1671.04,2857.6,1187.072,2024-03-02T07:00:00.000000,SST,1908,236.96,,,,
3/3/2024,Both_Events,2024-03-03T10:41:00.000000,1768.96,2631.04,866.144,2024-03-03T08:00:00.000000,SST,2173,404.04,,,,
3/4/2024,Both_Events,2024-03-04T16:14:00.000000,836.48,2650.88,917.8880000000001,2024-03-04T08:00:00.000000,SST,2200,1363.52,,,,
3/5/2024,Both_Events,2024-03-05T10:46:00.000000,1591.3600000000001,2561.28,970.048,2024-03-05T10:44:01.627000,SURTIDOR-TRUCKSHOP,1698,106.64,,,,
3/6/2024,Both_Events,2024-03-06T08:13:00.000000,1923.8399999999997,2764.16,844.1599999999999,2024-03-06T08:10:33.917000,SURTIDOR-TRUCKSHOP,2171,247.16,,,,
3/7/2024,Both_Events,2024-03-07T04:40:00.000000,346.8800000000001,2784,926.048,2024-03-07T08:00:00.000000,SST,2068,1721.12,,,,
3/8/2024,Both_Events,2024-03-08T01:53:30.000000,1962.2399999999998,2710.08,747.7760000000001,2024-03-08T08:00:00.000000,SST,2050,87.76,,,,
3/9/2024,Both_Events,2024-03-09T09:19:00.000000,2115.52,3050.56,927.936,2024-03-09T08:00:00.000000,P068,2413,297.48,,,,
3/10/2024,Both_Events,2024-03-10T08:52:30.000000,2179.2,3011.52,840.448,2024-03-10T06:00:00.000000,SST,2525,345.8,,,,
3/11/2024,Refill_Only,2024-03-11T23:00:30.000000,1947.8400000000001,2769.28,823.36,,,,-1947.84,,,,
3/12/2024,Both_Events,2024-03-12T20:02:30.000000,2041.92,2784,736.992,2024-03-12T06:00:00.000000,SST,2206,164.08,,,,
3/13/2024,Both_Events,2024-03-13T16:01:30.000000,2280,2993.92,715.1999999999999,2024-03-13T06:00:00.000000,SST,2393,113,,,,
3/13/2024,Supply_Only,,,,,2024-03-13T06:00:00.000000,SST,2770,2770,,,,
3/14/2024,Both_Events,2024-03-14T13:57:30.000000,2267.8399999999997,3075.2,804.7999999999998,2024-03-14T06:00:00.000000,SST,2756,488.16,,,,
3/16/2024,Both_Events,2024-03-16T00:59:30.000000,2142.4,3106.88,963.1999999999998,2024-03-16T06:00:00.000000,SST,2305,162.6,,,,
3/17/2024,Both_Events,2024-03-17T10:45:30.000000,1947.52,2715.2,779.2640000000001,2024-03-17T10:43:24.917000,SURTIDOR-TRUCKSHOP,2299,351.48,,,,
3/18/2024,Both_Events,2024-03-18T10:57:00.000000,1704.64,2625.92,923.0080000000002,2024-03-18T10:55:01.780000,SURTIDOR-TRUCKSHOP,1892,187.36,,,,
3/19/2024,Supply_Only,,,,,2024-03-19T17:50:20.267000,SURTIDOR-TRUCKSHOP,2262,2262,,,,
3/20/2024,Both_Events,2024-03-20T15:53:30.000000,2130.88,3000.96,875.5199999999999,2024-03-20T08:00:00.000000,SST,2423,292.12,,,,
3/21/2024,Both_Events,2024-03-21T21:36:00.000000,1593.28,2506.56,920.608,2024-03-21T21:33:18.367000,SURTIDOR-TRUCKSHOP,1703,109.72,,,,
3/22/2024,Both_Events,2024-03-22T16:21:30.000000,1167.6799999999998,2008,846.592,2024-03-22T07:00:00.000000,SST,1000,-167.68,,,,
3/23/2024,Both_Events,2024-03-23T08:35:30.000000,2285.76,3008,730.4639999999999,2024-03-23T07:00:00.000000,SST,2683,397.24,,,,
3/24/2024,Both_Events,2024-03-24T08:30:00.000000,2371.2,2877.44,526.528,2024-03-24T08:00:00.000000,SST,2866,494.8,,,,
3/25/2024,Both_Events,2024-03-25T15:14:30.000000,2096,2818.24,725.1199999999999,2024-03-25T15:12:09.407000,SURTIDOR-TRUCKSHOP,2446,350,,,,
3/26/2024,Both_Events,2024-03-26T17:33:30.000000,2143.68,3032.64,881.1199999999999,2024-03-26T08:00:00.000000,SST,2420,276.32,,,,
3/27/2024,Both_Events,2024-03-27T19:53:30.000000,1938.2399999999998,2838.08,899.8399999999999,2024-03-27T19:00:00.000000,SST,2125,186.76,,,,
3/28/2024,Both_Events,2024-03-28T16:44:00.000000,2090.88,3015.04,924.704,2024-03-28T08:00:00.000000,SST,2358,267.12,,,,
3/29/2024,Both_Events,2024-03-29T22:25:00.000000,2014.08,2798.72,792.576,2024-03-29T19:00:00.000000,SST,2270,255.92,,,,
3/30/2024,Both_Events,2024-03-30T13:06:30.000000,2085.7599999999998,3061.12,978.0799999999999,2024-03-30T08:00:00.000000,SST,2287,201.24,,,,
3/31/2024,Both_Events,2024-03-31T11:06:30.000000,2226.2400000000002,2793.92,559.712,2024-03-31T08:00:00.000000,P068,2728,501.76,,,,
4/1/2024,Both_Events,2024-04-01T10:08:00.000000,2469.44,3004.48,544.896,2024-04-01T06:00:00.000000,SST,2886,416.56,,,,
4/2/2024,Both_Events,2024-04-02T09:49:00.000000,2134.72,3029.12,899.872,2024-04-02T06:00:00.000000,SST,2432,297.28,,,,
4/3/2024,Refill_Only,2024-04-03T19:17:00.000000,2297.28,2872.32,586.5600000000001,,,,-2297.28,,,,
4/4/2024,Supply_Only,,,,,2024-04-04T07:00:00.000000,SST,2581,2581,,,,
4/4/2024,Supply_Only,,,,,2024-04-04T19:00:00.000000,P068,2060,2060,,,,
4/5/2024,Refill_Only,2024-04-05T02:08:00.000000,1396.48,2412.16,1047.68,,,,-1396.48,,,,
4/5/2024,Refill_Only,2024-04-05T03:33:00.000000,1865.6,2808.64,955.4239999999998,,,,-1865.6,,,,
4/5/2024,Refill_Only,2024-04-05T23:35:00.000000,2083.52,3029.12,953.5360000000001,,,,-2083.52,,,,
4/6/2024,Supply_Only,,,,,2024-04-06T07:00:00.000000,SST,2386,2386,,,,
4/7/2024,Both_Events,2024-04-07T00:15:30.000000,2200.64,3008,814.3679999999998,2024-04-07T08:00:00.000000,SST,2510,309.36,,,,
4/8/2024,Both_Events,2024-04-08T16:56:30.000000,1102.4,3173.76,2064.032,2024-04-08T08:00:00.000000,P068,1348,245.6,,,,
4/10/2024,Both_Events,2024-04-10T01:53:30.000000,2206.08,3149.12,940.896,2024-04-10T07:00:00.000000,SST,2348,141.92,,,,
4/11/2024,Both_Events,2024-04-11T01:36:00.000000,1268.4799999999998,2975.68,1717.6640000000002,2024-04-11T07:00:00.000000,SST,1800,531.52,,,,
4/11/2024,Refill_Only,2024-04-11T13:57:30.000000,2003.2,2003.2,0,,,,-2003.2,,,,
4/11/2024,Refill_Only,2024-04-11T21:03:30.000000,1803.52,2808.64,1006.848,,,,-1803.52,,,,
4/12/2024,Both_Events,2024-04-12T20:24:30.000000,2006.0800000000002,2916.8,904.7359999999999,2024-04-12T07:00:00.000000,SST,1922,-84.08,,,,
4/13/2024,Both_Events,2024-04-13T20:44:00.000000,1804.7999999999997,2581.12,773.408,2024-04-13T07:00:00.000000,SST,2204,399.2,,,,
4/14/2024,Both_Events,2024-04-14T13:57:30.000000,2146.56,2970.88,825.856,2024-04-14T07:00:00.000000,SST,2066,-80.56,,,,
4/14/2024,Supply_Only,,,,,2024-04-14T08:00:00.000000,SST,2242,2242,,,,
4/15/2024,Both_Events,2024-04-15T13:51:30.000000,2154.5600000000004,2936.32,779.008,2024-04-15T09:00:00.000000,SST,2271,116.44,,,,
4/16/2024,Both_Events,2024-04-16T08:39:30.000000,1910.0800000000002,2936.32,1041.28,2024-04-16T08:00:00.000000,SST,1905,-5.08,,,,
4/16/2024,Supply_Only,,,,,2024-04-16T19:00:00.000000,SST,1976,1976,,,,
4/17/2024,Both_Events,2024-04-17T00:56:00.000000,1366.08,3011.52,1652.2240000000002,2024-04-17T19:00:00.000000,SST,2138,771.92,,,,
4/17/2024,Refill_Only,2024-04-17T20:54:00.000000,1924.4799999999998,3036.16,1110.208,,,,-1924.48,,,,
4/18/2024,Both_Events,2024-04-18T21:50:00.000000,1992,3061.12,1062.176,2024-04-18T19:00:00.000000,SST,2215,223,,,,
4/21/2024,Supply_Only,,,,,2024-04-21T19:00:00.000000,SST,2205,2205,,,,
4/22/2024,Both_Events,2024-04-22T01:47:00.000000,2098.24,3124.48,1027.9360000000001,2024-04-22T19:00:00.000000,P068,2599,500.76,,,,
4/22/2024,Refill_Only,2024-04-22T10:54:30.000000,2362.24,2362.24,0,,,,-2362.24,,,,
4/23/2024,Both_Events,2024-04-23T02:42:00.000000,2260.16,3008,751.2,2024-04-23T19:00:00.000000,P068,2050,-210.16,,,,
4/23/2024,Refill_Only,2024-04-23T22:26:00.000000,1831.6799999999998,3082.24,1238.4320000000002,,,,-1831.68,,,,
4/24/2024,Supply_Only,,,,,2024-04-24T19:00:00.000000,SST,2455,2455,,,,
4/25/2024,Both_Events,2024-04-25T01:46:30.000000,2171.5199999999995,3082.24,910.3999999999999,2024-04-25T19:00:00.000000,SST,2419,247.48,,,,
4/26/2024,Refill_Only,2024-04-26T00:57:00.000000,2195.52,3138.56,939.0079999999998,,,,-2195.52,,,,
4/27/2024,Both_Events,2024-04-27T21:22:00.000000,2209.28,3092.8,884.4480000000001,2024-04-27T19:00:00.000000,SST,2455,245.72,,,,
4/28/2024,Both_Events,2024-04-28T23:06:00.000000,1822.7200000000003,2635.84,825.76,2024-04-28T19:00:00.000000,SST,2124,301.28,,,,
4/29/2024,Both_Events,2024-04-29T21:59:00.000000,1935.68,2700.48,769.12,2024-04-29T19:00:00.000000,SST,2257,321.32,,,,
4/30/2024,Both_Events,2024-04-30T16:20:00.000000,2171.2,3011.52,858.816,2024-04-30T19:00:00.000000,SST,2463,291.8,,,,
5/1/2024,Both_Events,2024-05-01T10:43:00.000000,2077.76,3004.48,937.632,2024-05-01T07:00:00.000000,SST,2320,242.24,,,,
5/1/2024,Supply_Only,,,,,2024-05-01T19:00:00.000000,SST,2293,2293,,,,
5/2/2024,Refill_Only,2024-05-02T03:28:59.000000,2088.64,3050.56,961.8880000000001,,,,-2088.64,,,,
5/3/2024,Both_Events,2024-05-03T08:23:00.000000,2823.36,2823.36,931.5199999999999,2024-05-03T07:00:00.000000,SST,2087,-736.36,,,,
5/3/2024,Both_Events,2024-05-03T08:46:00.000000,2867.52,2867.52,1556.2666666666667,2024-05-03T19:00:00.000000,SST,2258,-609.52,,,,
5/4/2024,Both_Events,2024-05-04T05:15:00.000000,2046.7199999999998,3022.08,975.936,2024-05-04T19:00:00.000000,SST,2288,241.28,,,,
5/4/2024,Refill_Only,2024-05-04T22:20:00.000000,2038.08,2997.44,958.72,,,,-2038.08,,,,
5/5/2024,Both_Events,2024-05-05T15:31:30.000000,1945.6,3078.72,1135.232,2024-05-05T08:00:00.000000,P068,2240,294.4,,,,
5/6/2024,Both_Events,2024-05-06T10:08:00.000000,1729.6,2921.6,1186.0799999999997,2024-05-06T08:00:00.000000,P068,1926,196.4,,,,
5/7/2024,Both_Events,2024-05-07T16:03:30.000000,1955.8400000000001,2960.96,1010.5920000000002,2024-05-07T08:00:00.000000,SST,2097,141.16,,,,
5/8/2024,Both_Events,2024-05-08T17:10:30.000000,2121.92,2778.88,661.3439999999999,2024-05-08T07:00:00.000000,SST,2510,388.08,,,,
5/9/2024,Both_Events,2024-05-09T20:16:30.000000,582.0800000000002,2367.36,782.688,2024-05-09T19:00:00.000000,SST,2540,1957.92,,,,
5/10/2024,Both_Events,2024-05-10T20:33:00.000000,980.8,2076.48,1120.3200000000002,2024-05-10T19:00:00.000000,SST,2170,1189.2,,,,
5/11/2024,Both_Events,2024-05-11T06:30:00.000000,2640.96,2640.96,0,2024-05-11T20:00:00.000000,SST,2237,-403.96,,,,
5/11/2024,Refill_Only,2024-05-11T20:32:30.000000,554.2400000000002,2896.96,1019.392,,,,-554.24,,,,
5/13/2024,Both_Events,2024-05-13T08:43:30.000000,2980.8,2980.8,0,2024-05-13T19:00:00.000000,SST,1942,-1038.8,,,,
5/14/2024,Both_Events,2024-05-14T01:53:00.000000,1523.8400000000001,2896.96,1379.5839999999996,2024-05-14T19:00:00.000000,P068,2320,796.16,,,,
5/14/2024,Refill_Only,2024-05-14T20:45:30.000000,2041.6,3078.72,1039.7759999999998,,,,-2041.6,,,,
5/15/2024,Both_Events,2024-05-15T17:18:30.000000,2174.7200000000003,3004.48,836.96,2024-05-15T07:00:00.000000,SST,2507,332.28,,,,
5/16/2024,Supply_Only,,,,,2024-05-16T19:00:00.000000,P068,2362,2362,,,,
5/17/2024,Both_Events,2024-05-17T03:04:30.000000,2102.7200000000003,2887.36,794.048,2024-05-17T19:00:00.000000,P068,1851,-251.72,,,,
5/17/2024,Refill_Only,2024-05-17T20:22:30.000000,1726.4,2656,934.624,,,,-1726.4,,,,
5/18/2024,Both_Events,2024-05-18T13:50:00.000000,2431.36,3128,695.5840000000001,2024-05-18T07:00:00.000000,SST,2742,310.64,,,,
5/18/2024,Supply_Only,,,,,2024-05-18T19:00:00.000000,SST,2333,2333,,,,
5/19/2024,Both_Events,2024-05-19T05:39:30.000000,2068.16,3032.64,963.5200000000001,2024-05-19T19:00:00.000000,SST,2171,102.84,,,,
5/20/2024,Refill_Only,2024-05-20T03:30:00.000000,1945.6,3068.16,1136.4479999999999,,,,-1945.6,,,,
5/20/2024,Refill_Only,2024-05-20T15:47:00.000000,2531.52,2531.52,0,,,,-2531.52,,,,
5/21/2024,Both_Events,2024-05-21T09:35:00.000000,2211.84,2970.88,760.2239999999999,2024-05-21T07:00:00.000000,SST,2625,413.16,,,,
5/21/2024,Supply_Only,,,,,2024-05-21T19:00:00.000000,P068,1933,1933,,,,
5/22/2024,Refill_Only,2024-05-22T03:59:00.000000,1686.0800000000002,3096.32,1414.0480000000002,,,,-1686.08,,,,
5/23/2024,Both_Events,2024-05-23T20:58:30.000000,1964.16,2823.36,866.3680000000002,2024-05-23T19:00:00.000000,SST,2211,246.84,,,,
5/24/2024,Both_Events,2024-05-24T15:44:00.000000,2088.64,3039.68,948.7040000000001,2024-05-24T07:00:00.000000,P068,2406,317.36,,,,
5/25/2024,Both_Events,2024-05-25T12:54:00.000000,1889.9199999999998,2921.6,1030.592,2024-05-25T07:00:00.000000,SST,1901,11.08,,,,
5/26/2024,Both_Events,2024-05-26T08:34:00.000000,1876.1599999999999,2838.08,968.9279999999999,2024-05-26T08:00:00.000000,SST,2035,158.84,,,,
5/26/2024,Supply_Only,,,,,2024-05-26T19:00:00.000000,SST,2322,2322,,,,
5/27/2024,Both_Events,2024-05-27T04:51:30.000000,2056.3199999999997,2956.16,905.7279999999998,2024-05-27T08:00:00.000000,P068,836,-1220.32,,,,
5/28/2024,Both_Events,2024-05-28T09:29:00.000000,2033.92,2778.88,752.9280000000001,2024-05-28T07:00:00.000000,P068,2664,630.08,,,,
5/29/2024,Supply_Only,,,,,2024-05-29T17:00:00.000000,P068,2428,2428,,,,
5/30/2024,Both_Events,2024-05-30T01:00:00.000000,2226.24,3166.72,939.3279999999999,2024-05-30T17:00:00.000000,SST,2285,58.76,,,,
5/31/2024,Refill_Only,2024-05-31T03:22:00.000000,1976.96,2744.64,781.568,,,,-1976.96,,,,
7/20/2024,Both_Events,2024-07-20T11:08:30.000000,2345.92,3011.52,669.6000000000001,2024-07-20T06:00:00.000000,SST,2810,464.08,,,,
7/21/2024,Both_Events,2024-07-21T12:51:30.000000,2234.8799999999997,3075.2,846.0799999999999,2024-07-21T08:00:00.000000,SST,2543,308.12,,,,
7/22/2024,Both_Events,2024-07-22T09:08:00.000000,2124.16,3018.56,893.632,2024-07-22T08:00:00.000000,P068,2476,351.84,,,,
7/23/2024,Both_Events,2024-07-23T15:40:30.000000,2205.4399999999996,3064.64,857.408,2024-07-23T07:00:00.000000,P068,2565,359.56,,,,
7/24/2024,Both_Events,2024-07-24T15:40:30.000000,2071.68,2848,776.192,2024-07-24T07:00:00.000000,SST,2405,333.32,,,,
7/25/2024,Both_Events,2024-07-25T15:23:30.000000,2114.8799999999997,3082.24,965.152,2024-07-25T08:00:00.000000,SST,2136,21.12,,,,
7/26/2024,Both_Events,2024-07-26T15:50:00.000000,1965.4399999999998,2611.2,642.432,2024-07-26T07:00:00.000000,SST,2310,344.56,,,,
7/27/2024,Both_Events,2024-07-27T16:57:30.000000,2085.7599999999998,2985.6,899.296,2024-07-27T08:00:00.000000,P068,2330,244.24,,,,
7/28/2024,Both_Events,2024-07-28T20:18:00.000000,2132.16,3018.56,897.1519999999998,2024-07-28T19:00:00.000000,P068,2410,277.84,,,,
7/29/2024,Supply_Only,,,,,2024-07-29T19:00:00.000000,SST,2047,2047,,,,
7/30/2024,Both_Events,2024-07-30T01:57:30.000000,1438.7199999999998,2818.24,1376.928,2024-07-30T07:00:00.000000,SST,2027,588.28,,,,
7/30/2024,Both_Events,2024-07-30T13:51:00.000000,1997.44,3050.56,1056.2879999999998,2024-07-30T19:00:00.000000,SST,2125,127.56,,,,
7/31/2024,Both_Events,2024-07-31T00:49:30.000000,1696.32,3131.52,1444.9920000000002,2024-07-31T19:00:00.000000,SST,2182,485.68,,,,
7/31/2024,Refill_Only,2024-07-31T20:44:30.000000,1931.8399999999997,2818.24,877.6959999999999,,,,-1931.84,,,,
8/3/2024,Both_Events,2024-08-03T21:47:30.000000,2145.9199999999996,2882.24,739.2319999999999,2024-08-03T19:00:00.000000,P068,2300,154.08,,,,
8/5/2024,Both_Events,2024-08-05T20:07:00.000000,2204.16,3025.6,830.144,2024-08-05T19:00:00.000000,P068,2723,518.84,,,,
8/6/2024,Both_Events,2024-08-06T21:26:00.000000,2141.44,3011.52,874.144,2024-08-06T19:00:00.000000,P068,2473,331.56,,,,
8/8/2024,Both_Events,2024-08-08T20:19:00.000000,2211.2,3032.64,829.024,2024-08-08T19:00:00.000000,P068,2553,341.8,,,,
8/9/2024,Supply_Only,,,,,2024-08-09T19:00:00.000000,P068,2562,2562,,,,
8/10/2024,Both_Events,2024-08-10T02:02:00.000000,2207.3599999999997,3050.56,847.9680000000001,2024-08-10T19:00:00.000000,SST,2049,-158.36,,,,
8/11/2024,Both_Events,2024-08-11T04:01:00.000000,1841.2800000000002,2724.8,884.4159999999999,2024-08-11T19:00:00.000000,SST,2451,609.72,,,,
8/11/2024,Refill_Only,2024-08-11T22:11:30.000000,1971.8400000000001,2759.36,800.832,,,,-1971.84,,,,
8/12/2024,Both_Events,2024-08-12T17:03:00.000000,2171.52,2956.16,796.032,2024-08-12T07:00:00.000000,SST,2564,392.48,,,,
8/13/2024,Both_Events,2024-08-13T20:55:30.000000,2164.8,3008,859.1360000000001,2024-08-13T19:00:00.000000,P068,2490,325.2,,,,
8/14/2024,Both_Events,2024-08-14T21:06:00.000000,1946.88,2833.28,888.7359999999999,2024-08-14T19:00:00.000000,P068,2635,688.12,,,,
8/15/2024,Supply_Only,,,,,2024-08-15T19:00:00.000000,SST,2459,2459,,,,
8/16/2024,Both_Events,2024-08-16T05:35:00.000000,2156.16,3039.68,901.4399999999999,2024-08-16T19:00:00.000000,SST,2605,448.84,,,,
8/17/2024,Both_Events,2024-08-17T05:11:30.000000,823.3600000000001,2357.44,767.4240000000001,2024-08-17T19:00:00.000000,P068,2150,1326.64,,,,
8/17/2024,Refill_Only,2024-08-17T23:01:30.000000,1956.8000000000002,2993.92,1047.2,,,,-1956.8,,,,
8/18/2024,Refill_Only,2024-08-18T14:01:00.000000,1234.2399999999998,3029.12,1779.0720000000006,,,,-1234.24,,,,
8/19/2024,Both_Events,2024-08-19T09:38:00.000000,2018.88,2980.8,955.4559999999999,2024-08-19T07:00:00.000000,P068,2270,251.12,,,,
8/19/2024,Supply_Only,,,,,2024-08-19T19:00:00.000000,SST,2223,2223,,,,
8/20/2024,Both_Events,2024-08-20T02:48:00.000000,1965.12,3082.24,1139.0399999999997,2024-08-20T19:00:00.000000,SST,2341,375.88,,,,
8/21/2024,Both_Events,2024-08-21T01:16:30.000000,2129.92,3089.28,960.32,2024-08-21T19:00:00.000000,P068,2185,55.08,,,,
8/21/2024,Refill_Only,2024-08-21T21:16:30.000000,2018.56,3039.68,1036.5439999999999,,,,-2018.56,,,,
8/22/2024,Both_Events,2024-08-22T20:21:30.000000,2148.16,3029.12,879.8400000000001,2024-08-22T19:00:00.000000,SST,2413,264.84,,,,
8/23/2024,Both_Events,2024-08-23T22:58:30.000000,2144.3199999999997,3057.6,916.5120000000001,2024-08-23T19:00:00.000000,SST,2397,252.68,,,,
8/24/2024,Supply_Only,,,,,2024-08-24T19:00:00.000000,SST,2044,2044,,,,
8/25/2024,Refill_Only,2024-08-25T04:49:30.000000,1837.12,3029.12,1196.704,,,,-1837.12,,,,
8/26/2024,Both_Events,2024-08-26T01:56:00.000000,1488.96,3004.48,1530.976,2024-08-26T19:00:00.000000,P068,1200,-288.96,,,,
8/27/2024,Both_Events,2024-08-27T02:44:00.000000,1983.04,3057.6,1069.632,2024-08-27T19:00:00.000000,SST,1923,-60.04,,,,
8/28/2024,Both_Events,2024-08-28T01:50:00.000000,1101.1200000000001,2022.4,928.128,2024-08-28T07:00:00.000000,SST,2209,1107.88,,,,
8/28/2024,Refill_Only,2024-08-28T10:43:00.000000,2018.56,3071.68,1031.9360000000001,,,,-2018.56,,,,
8/29/2024,Both_Events,2024-08-29T21:57:30.000000,2150.7200000000003,2993.92,843.6800000000001,2024-08-29T19:00:00.000000,P068,2484,333.28,,,,
8/30/2024,Both_Events,2024-08-30T16:13:30.000000,1818.88,3096.32,1281.0880000000002,2024-08-30T07:00:00.000000,SST,2038,219.12,,,,
9/1/2024,Both_Events,2024-09-01T03:41:00.000000,2040.32,3050.56,1016.4799999999999,2024-09-01T03:38:47.180000,SURTIDOR-TRUCKSHOP,2267,226.68,,,,
9/1/2024,Both_Events,2024-09-01T21:12:30.000000,1673.6,3071.68,1400.48,2024-09-01T19:00:00.000000,SST,1954,280.4,,,,
9/2/2024,Both_Events,2024-09-02T17:34:30.000000,2094.72,2902.08,808.48,2024-09-02T17:32:40.543000,SURTIDOR-TRUCKSHOP,2450,355.28,,,,
9/3/2024,Both_Events,2024-09-03T10:49:00.000000,2120.96,3004.48,904.384,2024-09-03T08:00:00.000000,P068,2422,301.04,,,,
9/4/2024,Both_Events,2024-09-04T10:05:30.000000,2346.88,2936.32,594.144,2024-09-04T08:00:00.000000,SST,2867,520.12,,,,
9/5/2024,Both_Events,2024-09-05T15:22:30.000000,2156.7999999999997,3043.2,891.7119999999999,2024-09-05T15:20:52.920000,SURTIDOR-TRUCKSHOP,2568,411.2,,,,
9/6/2024,Both_Events,2024-09-06T13:21:00.000000,1824.3200000000002,2877.44,1068.0639999999999,2024-09-06T08:00:00.000000,SST,1872,47.68,,,,
9/7/2024,Both_Events,2024-09-07T09:27:30.000000,2099.2,3039.68,944.96,2024-09-07T08:00:00.000000,P068,2426,326.8,,,,
9/8/2024,Both_Events,2024-09-08T08:36:00.000000,2047.3600000000001,3047.04,1014.592,2024-09-08T08:00:00.000000,SST,2265,217.64,,,,
9/8/2024,Supply_Only,,,,,2024-09-08T15:05:56.993000,SURTIDOR-TRUCKSHOP,2637,2637,,,,
9/9/2024,Both_Events,2024-09-09T08:15:00.000000,2174.72,3015.04,845.568,2024-09-09T08:00:00.000000,SST,2524,349.28,,,,
9/10/2024,Both_Events,2024-09-10T08:43:00.000000,2082.56,2813.44,727.9680000000001,2024-09-10T08:41:46.240000,SURTIDOR-TRUCKSHOP,2461,378.44,,,,
9/11/2024,Both_Events,2024-09-11T03:37:00.000000,1832.9599999999998,2670.72,844.8,2024-09-11T03:35:04.780000,SURTIDOR-TRUCKSHOP,2572,739.04,,,,
9/11/2024,Both_Events,2024-09-11T21:50:30.000000,1828.48,2828.16,990.816,2024-09-11T20:00:00.000000,SST,2013,184.52,,,,
9/12/2024,Both_Events,2024-09-12T21:00:00.000000,2140.4799999999996,2862.72,726.848,2024-09-12T20:00:00.000000,SST,2506,365.52,,,,
9/13/2024,Refill_Only,2024-09-13T16:00:00.000000,2100.16,3064.64,979.424,,,,-2100.16,,,,
9/14/2024,Both_Events,2024-09-14T15:13:00.000000,2371.2,2946.24,578.208,2024-09-14T08:00:00.000000,SST,2806,434.8,,,,
9/15/2024,Both_Events,2024-09-15T17:03:30.000000,1995.1999999999998,2862.72,862.5920000000002,2024-09-15T07:00:00.000000,SST,2256,260.8,,,,
9/16/2024,Both_Events,2024-09-16T09:41:30.000000,2122.24,3022.08,898.208,2024-09-16T06:00:00.000000,P068,2432,309.76,,,,
9/17/2024,Both_Events,2024-09-17T20:42:29.000000,2326.08,2997.44,675.5199999999999,2024-09-17T19:00:00.000000,P068,2833,506.92,,,,
9/19/2024,Both_Events,2024-09-19T10:00:00.000000,2065.28,3198.4,1147.5839999999996,2024-09-19T07:00:00.000000,SST,2136,70.72,,,,
9/20/2024,Both_Events,2024-09-20T17:37:00.000000,2230.08,3043.2,817.2479999999999,2024-09-20T07:00:00.000000,SST,2580,349.92,,,,
9/21/2024,Supply_Only,,,,,2024-09-21T19:00:00.000000,P068,2263,2263,,,,
9/22/2024,Both_Events,2024-09-22T03:46:00.000000,2024.3200000000002,3008,977.8880000000001,2024-09-22T19:00:00.000000,SST,2172,147.68,,,,
9/23/2024,Both_Events,2024-09-23T01:55:00.000000,2108.1600000000003,3099.84,995.616,2024-09-23T19:00:00.000000,SST,2521,412.84,,,,
9/24/2024,Both_Events,2024-09-24T03:46:00.000000,2158.08,3025.6,879.5840000000002,2024-09-24T19:00:00.000000,SST,2030,-128.08,,,,
9/25/2024,Refill_Only,2024-09-25T01:53:30.000000,1904.3200000000002,3096.32,1192.512,,,,-1904.32,,,,
9/25/2024,Refill_Only,2024-09-25T22:06:00.000000,1924.8,2951.04,1015.9039999999999,,,,-1924.8,,,,
9/27/2024,Both_Events,2024-09-27T14:12:00.000000,1593.92,2936.32,1333.5359999999998,2024-09-27T07:00:00.000000,SST,1670,76.08,,,,
9/28/2024,Both_Events,2024-09-28T20:56:00.000000,2138.88,3036.16,909.8880000000001,2024-09-28T19:00:00.000000,P068,2454,315.12,,,,
9/29/2024,Supply_Only,,,,,2024-09-29T19:00:00.000000,SST,2181,2181,,,,
9/30/2024,Both_Events,2024-09-30T02:59:30.000000,1942.08,3043.2,1109.664,2024-09-30T19:00:00.000000,SST,2341,398.92,,,,
9/30/2024,Refill_Only,2024-09-30T21:44:30.000000,2070.4,3054.08,985.4720000000001,,,,-2070.4,,,,
10/2/2024,Both_Events,2024-10-02T21:06:30.000000,1712.6399999999999,3032.64,1316.3520000000003,2024-10-02T19:00:00.000000,SST,1951,238.36,,,,
10/3/2024,Both_Events,2024-10-03T20:42:30.000000,2174.4,2936.32,779.5840000000001,2024-10-03T18:00:00.000000,SST,2544,369.6,,,,
10/4/2024,Both_Events,2024-10-04T20:14:00.000000,1325.44,2268.48,941.152,2024-10-04T18:00:00.000000,SST,2382,1056.56,,,,
10/5/2024,Both_Events,2024-10-05T01:52:30.000000,1144.6399999999999,3152.64,2003.1680000000001,2024-10-05T18:00:00.000000,SST,2056,911.36,,,,
10/6/2024,Refill_Only,2024-10-06T00:45:00.000000,1875.52,3142.08,1267.712,,,,-1875.52,,,,
10/7/2024,Refill_Only,2024-10-07T00:55:00.000000,1028.8,2848,1807.136,,,,-1028.8,,,,
10/9/2024,Supply_Only,,,,,2024-10-09T19:00:00.000000,SST,2294,2294,,,,
10/10/2024,Refill_Only,2024-10-10T05:15:00.000000,2087.3599999999997,3068.16,983.0079999999998,,,,-2087.36,,,,
10/11/2024,Both_Events,2024-10-11T07:58:30.000000,2246.7200000000003,3011.52,761.7280000000001,2024-10-11T07:00:00.000000,P068,2688,441.28,,,,
10/12/2024,Both_Events,2024-10-12T09:28:00.000000,2145.6,3029.12,880.608,2024-10-12T07:00:00.000000,SST,2506,360.4,,,,
10/12/2024,Supply_Only,,,,,2024-10-12T19:00:00.000000,SST,2259,2259,,,,
10/13/2024,Both_Events,2024-10-13T04:25:30.000000,2033.28,3011.52,980.0959999999999,2024-10-13T19:00:00.000000,P068,2264,230.72,,,,
10/13/2024,Refill_Only,2024-10-13T22:51:30.000000,2016.96,3032.64,1016.992,,,,-2016.96,,,,
10/14/2024,Supply_Only,,,,,2024-10-14T19:00:00.000000,SST,2484,2484,,,,
10/15/2024,Both_Events,2024-10-15T00:58:30.000000,1476.48,3128,1144.768,2024-10-15T08:00:00.000000,SST,2232,755.52,,,,
10/15/2024,Refill_Only,2024-10-15T17:19:00.000000,2015.36,3025.6,1006.528,,,,-2015.36,,,,
10/16/2024,Both_Events,2024-10-16T14:41:00.000000,2208.96,3022.08,816.2559999999999,2024-10-16T08:00:00.000000,SST,2521,312.04,,,,
10/17/2024,Both_Events,2024-10-17T09:30:30.000000,2364.8,3180.8,821.3759999999999,2024-10-17T08:00:00.000000,SST,2542,177.2,,,,
10/18/2024,Both_Events,2024-10-18T08:40:30.000000,1946.56,2808.64,867.2,2024-10-18T08:37:23.637000,SURTIDOR-TRUCKSHOP,2203,256.44,,,,
10/18/2024,Supply_Only,,,,,2024-10-18T20:00:00.000000,P068,2485,2485,,,,
10/19/2024,Both_Events,2024-10-19T01:59:30.000000,2170.24,3043.2,875.0400000000002,2024-10-19T20:00:00.000000,SST,2149,-21.24,,,,
10/20/2024,Both_Events,2024-10-20T01:55:00.000000,1517.12,3131.52,1618.8159999999998,2024-10-20T20:00:00.000000,SST,2335,817.88,,,,
10/21/2024,Refill_Only,2024-10-21T03:29:30.000000,2087.68,3057.6,981.0880000000001,,,,-2087.68,,,,
10/22/2024,Both_Events,2024-10-22T15:44:00.000000,1808.96,3000.96,1212.192,2024-10-22T08:00:00.000000,SST,1910,101.04,,,,
10/23/2024,Both_Events,2024-10-23T20:11:00.000000,2136.6400000000003,3117.44,984.3520000000001,2024-10-23T20:00:00.000000,P068,2324,187.36,,,,
10/24/2024,Both_Events,2024-10-24T21:24:59.000000,1673.6000000000001,3096.32,1419.0079999999998,2024-10-24T20:00:00.000000,P068,1951,277.4,,,,
10/26/2024,Both_Events,2024-10-26T14:43:30.000000,2093.12,3057.6,961.632,2024-10-26T08:00:00.000000,P068,2376,282.88,,,,
10/27/2024,Both_Events,2024-10-27T10:14:00.000000,2020.8,3015.04,993.4720000000001,2024-10-27T07:00:00.000000,P068,2276,255.2,,,,
10/28/2024,Both_Events,2024-10-28T13:04:30.000000,2326.3999999999996,3166.72,844.768,2024-10-28T07:00:00.000000,P068,2561,234.6,,,,
10/28/2024,Refill_Only,2024-10-28T18:53:00.000000,2784,2784,0,,,,-2784,,,,
10/29/2024,Both_Events,2024-10-29T10:24:30.000000,1988.48,3057.6,1070.688,2024-10-29T07:00:00.000000,P068,2277,288.52,,,,
10/30/2024,Both_Events,2024-10-30T00:48:00.000000,1120.9599999999998,2882.24,1765.536,2024-10-30T07:00:00.000000,P068,1854,733.04,,,,
10/30/2024,Refill_Only,2024-10-30T12:41:30.000000,1572.8000000000002,3106.88,1533.44,,,,-1572.8,,,,
10/31/2024,Both_Events,2024-10-31T08:34:00.000000,2055.68,3015.04,960.576,2024-10-31T07:00:00.000000,SST,2290,234.32,,,,
11/1/2024,Both_Events,2024-11-01T12:59:30.000000,354.8799999999999,1969.28,964.896,2024-11-01T07:00:00.000000,SST,2257,1902.12,,,,
11/1/2024,Refill_Only,2024-11-01T14:32:00.000000,1151.68,3120.96,1130.336,,,,-1151.68,,,,
11/2/2024,Both_Events,2024-11-02T13:54:00.000000,2132.48,3099.84,972.4480000000001,2024-11-02T07:00:00.000000,SST,2278,145.52,,,,
11/3/2024,Both_Events,2024-11-03T12:55:30.000000,1973.7600000000002,3096.32,1113.408,2024-11-03T07:00:00.000000,SST,2092,118.24,,,,
11/3/2024,Supply_Only,,,,,2024-11-03T19:00:00.000000,P068,1033,1033,,,,
11/4/2024,Both_Events,2024-11-04T01:56:00.000000,1527.6799999999998,3142.08,1598.3999999999999,2024-11-04T19:00:00.000000,P068,2290,762.32,,,,
11/4/2024,Refill_Only,2024-11-04T20:32:30.000000,736.64,1741.76,1015.744,,,,-736.64,,,,
11/5/2024,Both_Events,2024-11-05T23:21:00.000000,1615.3600000000001,2631.04,1040.192,2024-11-05T19:00:00.000000,P068,2321,705.64,,,,
11/6/2024,Both_Events,2024-11-06T12:55:00.000000,1449.92,2848,1402.304,2024-11-06T07:00:00.000000,P068,2000,550.08,,,,
11/7/2024,Both_Events,2024-11-07T09:45:00.000000,2056,3039.68,984.9280000000001,2024-11-07T07:00:00.000000,P068,2302,246,,,,
11/7/2024,Supply_Only,,,,,2024-11-07T19:00:00.000000,SST,2035,2035,,,,
11/8/2024,Both_Events,2024-11-08T00:58:30.000000,1403.84,3145.6,1735.136,2024-11-08T19:00:00.000000,SST,2028,624.16,,,,
11/9/2024,Both_Events,2024-11-09T01:55:00.000000,2152.64,3128,981.344,2024-11-09T19:00:00.000000,SST,2451,298.36,,,,
11/10/2024,Both_Events,2024-11-10T05:32:30.000000,2142.72,3029.12,880.992,2024-11-10T20:00:00.000000,SST,2542,399.28,,,,
11/11/2024,Both_Events,2024-11-11T03:18:30.000000,2182.3999999999996,2975.68,804.8319999999999,2024-11-11T20:00:00.000000,SST,2739,556.6,,,,
11/12/2024,Both_Events,2024-11-12T05:34:00.000000,2307.84,3004.48,701.5360000000001,2024-11-12T20:00:00.000000,P068,2698,390.16,,,,
11/13/2024,Both_Events,2024-11-13T00:54:30.000000,2359.04,3106.88,748.4159999999999,2024-11-13T20:00:00.000000,SST,2558,198.96,,,,
11/13/2024,Refill_Only,2024-11-13T20:43:30.000000,2153.92,2848,699.6160000000001,,,,-2153.92,,,,
11/14/2024,Supply_Only,,,,,2024-11-14T20:00:00.000000,SST,2471,2471,,,,
11/15/2024,Both_Events,2024-11-15T04:48:30.000000,2194.88,3054.08,864.448,2024-11-15T20:00:00.000000,SST,2111,-83.88,,,,
11/16/2024,Both_Events,2024-11-16T04:28:00.000000,1859.8400000000001,2656,793.7919999999999,2024-11-16T20:00:00.000000,SST,1850,-9.84,,,,
11/17/2024,Both_Events,2024-11-17T01:55:00.000000,2031.04,2778.88,744.416,2024-11-17T07:00:00.000000,SST,2264,232.96,,,,
11/17/2024,Refill_Only,2024-11-17T15:41:00.000000,2059.84,3054.08,1015.4559999999999,,,,-2059.84,,,,
11/18/2024,Both_Events,2024-11-18T10:21:00.000000,2192.3199999999997,3032.64,851.2,2024-11-18T07:00:00.000000,SST,2570,377.68,,,,
11/19/2024,Both_Events,2024-11-19T08:14:00.000000,2147.2,3047.04,909.568,2024-11-19T07:00:00.000000,SST,2435,287.8,,,,
11/20/2024,Both_Events,2024-11-20T08:14:30.000000,2295.68,3015.04,726.24,2024-11-20T07:00:00.000000,SST,2713,417.32,,,,
11/21/2024,Both_Events,2024-11-21T10:02:30.000000,2173.76,3011.52,838.2720000000002,2024-11-21T07:00:00.000000,SST,2510,336.24,,,,
11/22/2024,Both_Events,2024-11-22T10:18:00.000000,2210.88,2902.08,689.7279999999998,2024-11-22T10:15:56.327000,SURTIDOR-TRUCKSHOP,2599,388.12,,,,
11/23/2024,Both_Events,2024-11-23T14:15:30.000000,2185.2799999999997,3071.68,883.3920000000002,2024-11-23T07:00:00.000000,SST,2477,291.72,,,,
11/24/2024,Both_Events,2024-11-24T14:47:30.000000,2312,2997.44,693.0880000000001,2024-11-24T07:00:00.000000,SST,2751,439,,,,
11/26/2024,Both_Events,2024-11-26T14:39:30.000000,2288.3199999999997,3064.64,779.3280000000001,2024-11-26T07:00:00.000000,P068,2668,379.68,,,,
11/27/2024,Both_Events,2024-11-27T09:54:30.000000,2027.84,3022.08,987.5840000000001,2024-11-27T07:00:00.000000,P068,2277,249.16,,,,
11/28/2024,Both_Events,2024-11-28T04:39:30.000000,1636.1600000000003,2769.28,1141.184,2024-11-28T04:37:54.860000,SURTIDOR-TRUCKSHOP,1772,135.84,,,,
11/28/2024,Both_Events,2024-11-28T23:02:30.000000,2139.84,3004.48,876,2024-11-28T19:00:00.000000,P068,2481,341.16,,,,
11/29/2024,Both_Events,2024-11-29T17:28:30.000000,2062.4,2997.44,947.0720000000001,2024-11-29T07:00:00.000000,P068,2210,147.6,,,,
11/30/2024,Both_Events,2024-11-30T09:01:30.000000,1751.6800000000003,2675.84,917.8879999999999,2024-11-30T07:00:00.000000,SST,1915,163.32,,,,
11/30/2024,Both_Events,2024-11-30T23:15:30.000000,2162.56,2975.68,814.6879999999999,2024-11-30T20:00:00.000000,SST,2543,380.44,,,,
12/2/2024,Both_Events,2024-12-02T04:29:30.000000,2047.04,2823.36,783.5839999999998,2024-12-02T04:27:25.000000,SURTIDOR-TRUCKSHOP,2361,313.96,,,,
12/2/2024,Both_Events,2024-12-02T21:51:00.000000,2038.08,3043.2,1015.1360000000001,2024-12-02T19:00:00.000000,SST,2320,281.92,,,,
12/3/2024,Both_Events,2024-12-03T20:34:30.000000,2137.92,3043.2,908.512,2024-12-03T19:00:00.000000,SST,2406,268.08,,,,
12/4/2024,Both_Events,2024-12-04T20:51:30.000000,1985.28,2690.56,706.976,2024-12-04T19:00:00.000000,SST,2320,334.72,,,,
12/5/2024,Both_Events,2024-12-05T13:53:00.000000,2022.08,2838.08,816.9920000000001,2024-12-05T07:00:00.000000,SST,2212,189.92,,,,
12/6/2024,Both_Events,2024-12-06T09:26:00.000000,2081.2799999999997,3043.2,952.5440000000001,2024-12-06T07:00:00.000000,SST,2289,207.72,,,,
12/7/2024,Both_Events,2024-12-07T15:19:00.000000,2161.6000000000004,2926.4,769.6960000000001,2024-12-07T07:00:00.000000,SST,2647,485.4,,,,
12/8/2024,Both_Events,2024-12-08T14:44:30.000000,2127.04,3043.2,916.064,2024-12-08T07:00:00.000000,SST,2349,221.96,,,,
12/9/2024,Both_Events,2024-12-09T20:54:30.000000,2036.8000000000002,2705.28,672.1599999999999,2024-12-09T19:00:00.000000,SST,2440,403.2,,,,
12/10/2024,Both_Events,2024-12-10T17:07:00.000000,2075.2,3039.68,955.9680000000001,2024-12-10T07:00:00.000000,SST,2325,249.8,,,,
12/11/2024,Both_Events,2024-12-11T15:58:30.000000,2143.68,3032.64,893.8560000000001,2024-12-11T16:35:04.740000,SURTIDOR-TRUCKSHOP,2458,314.32,,,,
12/12/2024,Refill_Only,2024-12-12T23:28:00.000000,2094.72,2921.6,827.7119999999999,,,,-2094.72,,,,
12/13/2024,Supply_Only,,,,,2024-12-13T16:45:55.980000,SURTIDOR-TRUCKSHOP,2428,2428,,,,
12/13/2024,Supply_Only,,,,,2024-12-13T19:00:00.000000,SST,2183,2183,,,,
12/14/2024,Both_Events,2024-12-14T01:54:30.000000,2037.1200000000003,2833.28,788.096,2024-12-14T19:00:00.000000,SST,2311,273.88,,,,
12/14/2024,Refill_Only,2024-12-14T22:54:00.000000,2070.3999999999996,3043.2,970.5599999999998,,,,-2070.4,,,,
12/15/2024,Both_Events,2024-12-15T21:53:30.000000,1954.24,2813.44,863.36,2024-12-15T19:00:00.000000,P068,2244,289.76,,,,
12/16/2024,Both_Events,2024-12-16T21:25:30.000000,2321.6,3216,898.208,2024-12-16T07:00:00.000000,SST,2544,222.4,,,,
12/17/2024,Supply_Only,,,,,2024-12-17T19:00:00.000000,SST,2000,2000,,,,
12/18/2024,Both_Events,2024-12-18T01:48:00.000000,2202.88,3135.04,939.7760000000001,2024-12-18T19:00:00.000000,SST,2667,464.12,,,,
12/19/2024,Refill_Only,2024-12-19T01:54:00.000000,2278.3999999999996,3043.2,780.992,,,,-2278.4,,,,
12/20/2024,Both_Events,2024-12-20T12:59:00.000000,1875.8400000000001,2729.92,849.4399999999999,2024-12-20T07:00:00.000000,SST,2050,174.16,,,,
12/20/2024,Supply_Only,,,,,2024-12-20T19:00:00.000000,SST,2264,2264,,,,
12/21/2024,Both_Events,2024-12-21T04:05:30.000000,2060.16,3022.08,947.392,2024-12-21T19:00:00.000000,SST,2362,301.84,,,,
12/21/2024,Refill_Only,2024-12-21T23:14:30.000000,2085.12,3025.6,937.1200000000001,,,,-2085.12,,,,
12/22/2024,Both_Events,2024-12-22T19:37:00.000000,2217.6,3022.08,808.1600000000001,2024-12-22T20:00:00.000000,P068,2614,396.4,,,,
12/23/2024,Both_Events,2024-12-23T16:35:30.000000,2094.7200000000003,3008,905.472,2024-12-23T08:00:00.000000,SST,2374,279.28,,,,
12/24/2024,Both_Events,2024-12-24T15:39:00.000000,2076.8,3000.96,919.2639999999999,2024-12-24T08:00:00.000000,SST,2315,238.2,,,,
12/25/2024,Both_Events,2024-12-25T13:58:30.000000,2260.16,3149.12,890.4,2024-12-25T08:00:00.000000,SST,2400,139.84,,,,
12/26/2024,Both_Events,2024-12-26T08:37:00.000000,1984.96,2887.36,901.7280000000001,2024-12-26T08:00:00.000000,P068,2600,615.04,,,,
12/26/2024,Supply_Only,,,,,2024-12-26T20:00:00.000000,SST,1502,1502,,,,
12/27/2024,Both_Events,2024-12-27T02:00:30.000000,1494.7200000000003,2675.84,1175.8719999999998,2024-12-27T08:00:00.000000,SST,2237,742.28,,,,
12/27/2024,Refill_Only,2024-12-27T16:55:30.000000,2011.5199999999998,3075.2,1070.6560000000002,,,,-2011.52,,,,
12/28/2024,Both_Events,2024-12-28T12:52:00.000000,1994.2399999999998,3170.24,1197.248,2024-12-28T07:00:00.000000,SST,2151,156.76,,,,
12/29/2024,Both_Events,2024-12-29T12:55:00.000000,1412.1599999999999,2382.08,967.296,2024-12-29T07:00:00.000000,SST,2016,603.84,,,,
12/29/2024,Supply_Only,,,,,2024-12-29T19:00:00.000000,SST,2430,2430,,,,
12/30/2024,Both_Events,2024-12-30T03:44:30.000000,2034.8799999999999,2606.08,580,2024-12-30T19:00:00.000000,SST,2436,401.12,,,,
12/30/2024,Refill_Only,2024-12-30T22:49:00.000000,1980.16,2778.88,796.6080000000001,,,,-1980.16,,,,
12/31/2024,Both_Events,2024-12-31T20:50:30.000000,2016.3200000000002,2980.8,963.232,2024-12-31T19:00:00.000000,SST,2203,186.68,,,,
1/1/2025,Both_Events,2025-01-01T20:07:00.000000,2160.96,3015.04,866.1120000000001,2025-01-01T19:00:00.000000,SST,2474,313.04,,,,
1/2/2025,Both_Events,2025-01-02T17:21:00.000000,2121.92,3032.64,919.0079999999998,2025-01-02T07:00:00.000000,SST,2560,438.08,,,,
1/3/2025,Both_Events,2025-01-03T12:51:30.000000,1850.2399999999998,3170.24,1348.576,2025-01-03T07:00:00.000000,SST,2015,164.76,,,,
1/4/2025,Both_Events,2025-01-04T10:21:00.000000,2092.16,3054.08,956,2025-01-04T07:00:00.000000,P068,2374,281.84,,,,
1/4/2025,Supply_Only,,,,,2025-01-04T19:00:00.000000,P068,1748,1748,,,,
1/5/2025,Both_Events,2025-01-05T03:13:00.000000,1411.2000000000003,3177.28,1767.4560000000006,2025-01-05T19:00:00.000000,P068,2178,766.8,,,,
1/5/2025,Refill_Only,2025-01-05T22:31:30.000000,1897.6,3057.6,1163.0720000000001,,,,-1897.6,,,,
1/6/2025,Supply_Only,,,,,2025-01-06T19:00:00.000000,P068,2511,2511,,,,
1/7/2025,Refill_Only,2025-01-07T04:45:30.000000,2159.68,3054.08,902.2719999999999,,,,-2159.68,,,,
1/9/2025,Both_Events,2025-01-09T17:17:00.000000,1707.84,2680.64,978.1759999999998,2025-01-09T07:00:00.000000,SST,2524,816.16,,,,
1/10/2025,Both_Events,2025-01-10T16:08:30.000000,1969.92,2985.6,1006.3040000000001,2025-01-10T07:00:00.000000,SST,2160,190.08,,,,
1/11/2025,Both_Events,2025-01-11T15:13:30.000000,2087.68,3047.04,958.4320000000001,2025-01-11T07:00:00.000000,SST,2318,230.32,,,,
1/12/2025,Both_Events,2025-01-12T16:33:30.000000,2157.7599999999998,3057.6,904.6719999999999,2025-01-12T07:00:00.000000,SST,2416,258.24,,,,
1/13/2025,Both_Events,2025-01-13T12:54:00.000000,2257.92,3068.16,804.5759999999999,2025-01-13T07:00:00.000000,SST,2543,285.08,,,,
1/13/2025,Supply_Only,,,,,2025-01-13T19:00:00.000000,SST,2265,2265,,,,
1/14/2025,Both_Events,2025-01-14T03:49:30.000000,2067.2,3029.12,976.2880000000001,2025-01-14T19:00:00.000000,SST,2472,404.8,,,,
1/14/2025,Refill_Only,2025-01-14T20:42:00.000000,2165.12,3032.64,866.912,,,,-2165.12,,,,
1/15/2025,Both_Events,2025-01-15T17:08:00.000000,2129.92,3008,872.2239999999999,2025-01-15T07:00:00.000000,SST,2402,272.08,,,,
1/16/2025,Both_Events,2025-01-16T14:51:00.000000,2307.84,3004.48,699.904,2025-01-16T07:00:00.000000,P068,2821,513.16,,,,
1/17/2025,Both_Events,2025-01-17T14:27:30.000000,2429.44,3004.48,585.1200000000001,2025-01-17T07:00:00.000000,SST,2544,114.56,,,,
1/18/2025,Both_Events,2025-01-18T16:37:30.000000,2226.2400000000002,2993.92,759.4240000000001,2025-01-18T07:00:00.000000,SST,2668,441.76,,,,
1/19/2025,Both_Events,2025-01-19T20:17:30.000000,2183.04,3039.68,852.576,2025-01-19T19:00:00.000000,P068,2534,350.96,,,,
1/20/2025,Both_Events,2025-01-20T21:06:30.000000,2119.3599999999997,2946.24,828.1600000000001,2025-01-20T21:03:45.330000,SURTIDOR-TRUCKSHOP,2444,324.64,,,,
1/21/2025,Both_Events,2025-01-21T17:30:30.000000,2104,3036.16,931.6479999999999,2025-01-21T06:00:00.000000,SST,2372,268,,,,
1/22/2025,Both_Events,2025-01-22T16:26:00.000000,2067.52,3008,943.9039999999999,2025-01-22T06:00:00.000000,P068,2400,332.48,,,,
1/23/2025,Both_Events,2025-01-23T23:42:30.000000,2157.1200000000003,2724.8,577.4720000000001,2025-01-23T23:40:39.860000,SURTIDOR-TRUCKSHOP,2564,406.88,,,,
1/24/2025,Both_Events,2025-01-24T16:55:00.000000,2219.2,2941.44,722.2719999999999,2025-01-24T06:00:00.000000,SST,2645,425.8,,,,
1/25/2025,Both_Events,2025-01-25T22:01:00.000000,2272.3199999999997,3054.08,775.008,2025-01-25T19:00:00.000000,P068,2648,375.68,,,,
1/26/2025,Both_Events,2025-01-26T23:32:30.000000,2197.44,2970.88,765.376,2025-01-26T19:00:00.000000,P068,2600,402.56,,,,
1/27/2025,Both_Events,2025-01-27T21:03:00.000000,2208.3199999999997,3018.56,808.48,2025-01-27T19:00:00.000000,P068,2630,421.68,,,,
1/28/2025,Both_Events,2025-01-28T21:32:30.000000,2156.48,2960.96,792.064,2025-01-28T19:00:00.000000,P068,2531,374.52,,,,
1/29/2025,Both_Events,2025-01-29T22:01:00.000000,2327.6800000000003,3004.48,673.5040000000001,2025-01-29T19:00:00.000000,P068,2730,402.32,,,,
1/30/2025,Both_Events,2025-01-30T16:26:30.000000,1764.8000000000002,2566.4,801.1200000000001,2025-01-30T07:00:00.000000,SST,2008,243.2,,,,
1/31/2025,Both_Events,2025-01-31T08:12:30.000000,2144,3022.08,885.216,2025-01-31T07:00:00.000000,P068,2505,361,,,,
1/31/2025,Supply_Only,,,,,2025-01-31T19:00:00.000000,P068,2393,2393,,,,
2/1/2025,Both_Events,2025-02-01T02:10:30.000000,2109.12,3057.6,947.616,2025-02-01T18:00:00.000000,P068,2281,171.88,,,,
2/1/2025,Refill_Only,2025-02-01T21:16:30.000000,2053.4399999999996,3039.68,1003.424,,,,-2053.44,,,,
2/2/2025,Both_Events,2025-02-02T16:51:30.000000,2029.12,3004.48,977.824,2025-02-02T06:00:00.000000,SST,2243,213.88,,,,
2/3/2025,Both_Events,2025-02-03T16:44:00.000000,2039.3600000000001,2990.4,952.7040000000001,2025-02-03T06:00:00.000000,SST,2281,241.64,,,,
2/4/2025,Both_Events,2025-02-04T15:34:30.000000,2043.84,3022.08,990.5279999999999,2025-02-04T06:00:00.000000,SST,2248,204.16,,,,
2/5/2025,Both_Events,2025-02-05T09:41:00.000000,1985.6,2798.72,810.752,2025-02-05T06:00:00.000000,P068,2222,236.4,,,,
2/5/2025,Supply_Only,,,,,2025-02-05T19:00:00.000000,SST,2048,2048,,,,
2/6/2025,Both_Events,2025-02-06T03:09:30.000000,1747.52,2447.04,707.232,2025-02-06T06:00:00.000000,SST,2045,297.48,,,,
2/6/2025,Refill_Only,2025-02-06T13:56:30.000000,1909.12,3149.12,1230.9119999999998,,,,-1909.12,,,,
2/7/2025,Both_Events,2025-02-07T22:29:30.000000,356.48,2536.32,992.9279999999999,2025-02-07T19:00:00.000000,SST,2307,1950.52,,,,
2/8/2025,Both_Events,2025-02-08T16:05:30.000000,1993.9199999999998,3025.6,1030.592,2025-02-08T06:00:00.000000,SST,2171,177.08,,,,
2/9/2025,Both_Events,2025-02-09T12:49:30.000000,1882.56,3128,1257.056,2025-02-09T06:00:00.000000,SST,2057,174.44,,,,
2/10/2025,Both_Events,2025-02-10T14:58:30.000000,1250.2400000000002,1814.4,576.4159999999999,2025-02-10T14:58:04.560000,SURTIDOR-TRUCKSHOP,1464,213.76,,,,
2/10/2025,Both_Events,2025-02-10T20:56:30.000000,1337.2800000000002,2288.32,937.3760000000002,2025-02-10T19:00:00.000000,P068,2370,1032.72,,,,
2/11/2025,Both_Events,2025-02-11T14:37:30.000000,1323.8400000000001,2051.84,730.208,2025-02-11T14:35:25.530000,SURTIDOR-TRUCKSHOP,1527,203.16,,,,
2/12/2025,Both_Events,2025-02-12T02:44:00.000000,2150.08,3117.44,970.016,2025-02-12T02:40:14.140000,SURTIDOR-TRUCKSHOP,2350,199.92,,,,
2/12/2025,Supply_Only,,,,,2025-02-12T19:00:00.000000,SST,2376,2376,,,,
2/13/2025,Both_Events,2025-02-13T02:07:30.000000,2122.88,3047.04,917.6,2025-02-13T19:00:00.000000,P068,2480,357.12,,,,
2/13/2025,Refill_Only,2025-02-13T23:25:30.000000,2062.72,3032.64,883.392,,,,-2062.72,,,,
2/14/2025,Both_Events,2025-02-14T21:36:00.000000,2216.3199999999997,3015.04,802.4960000000001,2025-02-14T19:00:00.000000,P068,2499,282.68,,,,
2/15/2025,Both_Events,2025-02-15T20:02:00.000000,2093.12,2936.32,845.824,2025-02-15T19:00:00.000000,P068,2427,333.88,,,,
2/16/2025,Both_Events,2025-02-16T16:33:30.000000,2108.48,2997.44,885.4399999999999,2025-02-16T16:31:07.780000,SURTIDOR-TRUCKSHOP,2448,339.52,,,,
2/17/2025,Both_Events,2025-02-17T19:35:00.000000,2141.12,2970.88,825.824,2025-02-17T19:35:56.743000,SURTIDOR-TRUCKSHOP,2576,434.88,,,,
2/18/2025,Both_Events,2025-02-18T16:18:00.000000,2073.92,3011.52,949.5040000000001,2025-02-18T07:00:00.000000,SST,2284,210.08,,,,
2/19/2025,Both_Events,2025-02-19T21:15:30.000000,2069.12,2960.96,768.128,2025-02-19T19:00:00.000000,P068,2668,598.88,,,,
2/20/2025,Both_Events,2025-02-20T15:38:30.000000,355.1999999999998,1670.08,689.6960000000001,2025-02-20T07:00:00.000000,SST,2731,2375.8,,,,
2/21/2025,Both_Events,2025-02-21T09:02:30.000000,777.6,1761.28,985.984,2025-02-21T07:00:00.000000,P068,2310,1532.4,,,,
2/21/2025,Supply_Only,,,,,2025-02-21T19:00:00.000000,P068,2427,2427,,,,
2/22/2025,Refill_Only,2025-02-22T00:57:00.000000,2125.4399999999996,3036.16,904.4800000000001,,,,-2125.44,,,,
2/23/2025,Both_Events,2025-02-23T05:44:30.000000,2200,3145.6,947.5520000000002,2025-02-23T05:40:30.527000,SURTIDOR-TRUCKSHOP,2385,185,,,,
2/23/2025,Supply_Only,,,,,2025-02-23T20:00:00.000000,P068,2424,2424,,,,
2/24/2025,Both_Events,2025-02-24T02:30:00.000000,2328.96,3054.08,724.8639999999999,2025-02-24T20:00:00.000000,P068,2434,105.04,,,,
2/25/2025,Both_Events,2025-02-25T01:40:00.000000,2153.92,3075.2,927.808,2025-02-25T08:00:00.000000,SST,1860,-293.92,,,,
2/25/2025,Refill_Only,2025-02-25T13:46:30.000000,1465.6,3142.08,1693.568,,,,-1465.6,,,,
2/26/2025,Both_Events,2025-02-26T07:49:00.000000,593.5999999999999,1367.04,775.36,2025-02-26T08:00:00.000000,P068,2700,2106.4,,,,
2/26/2025,Supply_Only,,,,,2025-02-26T20:00:00.000000,SST,2549,2549,,,,
2/27/2025,Both_Events,2025-02-27T04:03:00.000000,2212.7999999999997,3039.68,828.8,2025-02-27T20:00:00.000000,P068,2512,299.2,,,,
2/28/2025,Refill_Only,2025-02-28T03:13:30.000000,2192.3199999999997,3032.64,844.192,,,,-2192.32,,,,
2/28/2025,Refill_Only,2025-02-28T20:53:00.000000,2225.2799999999997,3032.64,811.008,,,,-2225.28,,,,
