Origin,ShiftDate,TimeStamp,Equipment,TruckFleet,FuelLevelLiters,LastRefuel,Shift,FuelLevel
SURTIDOR-TRUCKSHOP,2023-12-31,2023-12-31T05:24:42.980000,T-210,CAT789C,1473.0,,N,46.0312
SST,2024-01-01,2024-01-01T08:00:00.000000,T-210,CAT789C,2016.0,95717,D,63.0
SST,2024-01-02,2024-01-02T08:00:00.000000,T-210,CAT789C,1962.0,86400,D,61.3125
SST,2024-01-03,2024-01-03T08:00:00.000000,T-210,CAT789C,2346.0,86400,D,73.3125
SST,2024-01-03,2024-01-03T18:00:00.000000,T-210,CAT789C,2907.0,36000,D,90.8438
SST,2024-01-04,2024-01-04T18:00:00.000000,T-210,CAT789C,2360.0,86400,D,73.75
SST,2024-01-05,2024-01-05T18:00:00.000000,T-210,CAT789C,2389.0,86400,D,74.6562
SST,2024-01-06,2024-01-06T18:00:00.000000,T-210,CAT789C,2246.0,86400,D,70.1875
SST,2024-01-07,2024-01-07T19:00:00.000000,T-210,CAT789C,2558.0,90000,D,79.9375
SST,2024-01-08,2024-01-08T19:00:00.000000,T-210,CAT789C,2239.0,86400,D,69.9688
SURTIDOR-TRUCKSHOP,2024-01-10,2024-01-10T04:12:48.810000,T-210,CAT789C,2251.0,119568,N,70.3438
SST,2024-01-10,2024-01-10T19:00:00.000000,T-210,CAT789C,2402.0,53231,D,75.0625
SST,2024-01-11,2024-01-11T19:00:00.000000,T-210,CAT789C,2041.0,86400,D,63.7812
SST,2024-01-12,2024-01-12T19:00:00.000000,T-210,CAT789C,2236.0,86400,D,69.875
SST,2024-01-14,2024-01-14T08:00:00.000000,T-210,CAT789C,2310.0,133200,D,72.1875
SURTIDOR-TRUCKSHOP,2024-01-15,2024-01-15T02:17:35.087000,T-210,CAT789C,2470.0,65855,N,77.1875
SST,2024-01-15,2024-01-15T19:00:00.000000,T-210,CAT789C,1017.0,60144,D,31.7812
SURTIDOR-TRUCKSHOP,2024-01-16,2024-01-16T16:26:36.543000,T-210,CAT789C,2039.0,77196,D,63.7188
SST,2024-01-17,2024-01-17T07:00:00.000000,T-210,CAT789C,2393.0,52403,D,74.7812
SST,2024-01-18,2024-01-18T08:00:00.000000,T-210,CAT789C,2245.0,90000,D,70.1562
SST,2024-01-19,2024-01-19T08:00:00.000000,T-210,CAT789C,2204.0,86400,D,68.875
SST,2024-01-20,2024-01-20T08:00:00.000000,T-210,CAT789C,1967.0,86400,D,61.4688
SST,2024-01-21,2024-01-21T08:00:00.000000,T-210,CAT789C,2035.0,86400,D,63.5938
SST,2024-01-22,2024-01-22T08:00:00.000000,T-210,CAT789C,2175.0,86400,D,67.9688
SST,2024-01-24,2024-01-24T08:00:00.000000,T-210,CAT789C,2002.0,172800,D,62.5625
SST,2024-01-25,2024-01-25T08:00:00.000000,T-210,CAT789C,2153.0,86400,D,67.2812
SST,2024-01-26,2024-01-26T08:00:00.000000,T-210,CAT789C,2143.0,86400,D,66.9688
SURTIDOR-TRUCKSHOP,2024-01-26,2024-01-26T23:56:48.407000,T-210,CAT789C,1828.0,57408,N,57.125
SST,2024-01-27,2024-01-27T08:00:00.000000,T-210,CAT789C,2382.0,28991,D,74.4375
SURTIDOR-TRUCKSHOP,2024-01-28,2024-01-28T15:10:53.147000,T-210,CAT789C,2218.0,112253,D,69.3125
SST,2024-01-29,2024-01-29T19:00:00.000000,T-210,CAT789C,2089.0,100146,D,65.2812
SURTIDOR-TRUCKSHOP,2024-01-31,2024-01-31T08:36:58.140000,T-210,CAT789C,2173.0,135418,D,67.9062
SST,2024-02-01,2024-02-01T06:00:00.000000,T-210,CAT789C,2452.0,76981,N,76.625
SST,2024-02-02,2024-02-02T07:00:00.000000,T-210,CAT789C,2347.0,90000,D,73.3438
SST,2024-02-03,2024-02-03T08:00:00.000000,T-210,CAT789C,2451.0,90000,D,76.5938
SST,2024-02-04,2024-02-04T08:00:00.000000,T-210,CAT789C,2202.0,86400,D,68.8125
SST,2024-02-04,2024-02-04T08:00:00.000000,T-210,CAT789C,1652.0,0,D,51.625
SST,2024-02-05,2024-02-05T08:00:00.000000,T-210,CAT789C,2177.0,86400,D,68.0312
SST,2024-02-06,2024-02-06T08:00:00.000000,T-210,CAT789C,2538.0,86400,D,79.3125
SURTIDOR-TRUCKSHOP,2024-02-07,2024-02-07T17:00:37.607000,T-210,CAT789C,1700.0,118837,D,53.125
SST,2024-02-08,2024-02-08T07:00:00.000000,T-210,CAT789C,1912.0,50362,D,59.75
SURTIDOR-TRUCKSHOP,2024-02-09,2024-02-09T02:52:25.133000,T-210,CAT789C,1859.0,71545,N,58.0938
SST,2024-02-09,2024-02-09T18:00:00.000000,T-210,CAT789C,2541.0,54454,D,79.4062
SST,2024-02-12,2024-02-12T07:00:00.000000,T-210,CAT789C,2268.0,219600,D,70.875
SURTIDOR-TRUCKSHOP,2024-02-13,2024-02-13T08:49:11.910000,T-210,CAT789C,1966.0,92951,D,61.4375
SURTIDOR-TRUCKSHOP,2024-02-14,2024-02-14T05:08:45.600000,T-210,CAT789C,2232.0,73173,N,69.75
SURTIDOR-TRUCKSHOP,2024-02-15,2024-02-15T02:39:51.743000,T-210,CAT789C,2612.0,77466,N,81.625
SST,2024-02-15,2024-02-15T18:00:00.000000,T-210,CAT789C,2023.0,55208,D,63.2188
SST,2024-02-17,2024-02-17T08:00:00.000000,T-210,CAT789C,2156.0,136800,D,67.375
SURTIDOR-TRUCKSHOP,2024-02-17,2024-02-17T15:34:31.617000,T-210,CAT789C,1915.0,27271,D,59.8437
SURTIDOR-TRUCKSHOP,2024-02-18,2024-02-18T10:12:46.570000,T-210,CAT789C,2065.0,67094,D,64.5312
P068,2024-02-18,2024-02-18T19:00:00.000000,T-210,CAT789C,2369.0,31633,D,74.0312
SURTIDOR-TRUCKSHOP,2024-02-20,2024-02-20T05:21:35.720000,T-210,CAT789C,2254.0,123695,N,70.4375
SST,2024-02-21,2024-02-21T08:00:00.000000,T-210,CAT789C,2013.0,95904,D,62.9062
SURTIDOR-TRUCKSHOP,2024-02-21,2024-02-21T21:30:16.267000,T-210,CAT789C,2485.0,48616,N,77.6562
SURTIDOR-TRUCKSHOP,2024-02-23,2024-02-23T14:42:40.143000,T-210,CAT789C,2054.0,148343,D,64.1875
SST,2024-02-24,2024-02-24T07:00:00.000000,T-210,CAT789C,2018.0,58639,D,63.0625
SST,2024-02-25,2024-02-25T08:00:00.000000,T-210,CAT789C,2510.0,90000,D,78.4375
SST,2024-02-26,2024-02-26T08:00:00.000000,T-210,CAT789C,2575.0,86400,D,80.4688
SST,2024-02-27,2024-02-27T08:00:00.000000,T-210,CAT789C,2569.0,86400,D,80.2812
SST,2024-02-29,2024-02-29T07:00:00.000000,T-210,CAT789C,2398.0,169200,D,74.9375
SST,2024-03-01,2024-03-01T08:00:00.000000,T-210,CAT789C,2430.0,90000,D,75.9375
SURTIDOR-TRUCKSHOP,2024-03-01,2024-03-01T23:19:46.343000,T-210,CAT789C,2201.0,55186,N,68.7812
SST,2024-03-02,2024-03-02T07:00:00.000000,T-210,CAT789C,1908.0,27613,D,59.625
SST,2024-03-03,2024-03-03T08:00:00.000000,T-210,CAT789C,2173.0,90000,D,67.9062
SST,2024-03-04,2024-03-04T08:00:00.000000,T-210,CAT789C,2200.0,86400,D,68.75
SURTIDOR-TRUCKSHOP,2024-03-05,2024-03-05T10:44:01.627000,T-210,CAT789C,1698.0,96241,D,53.0625
SURTIDOR-TRUCKSHOP,2024-03-06,2024-03-06T08:10:33.917000,T-210,CAT789C,2171.0,77192,D,67.8438
SST,2024-03-07,2024-03-07T08:00:00.000000,T-210,CAT789C,2068.0,85766,D,64.625
SST,2024-03-08,2024-03-08T08:00:00.000000,T-210,CAT789C,2050.0,86400,D,64.0625
P068,2024-03-09,2024-03-09T08:00:00.000000,T-210,CAT789C,2413.0,86400,D,75.4062
SST,2024-03-10,2024-03-10T06:00:00.000000,T-210,CAT789C,2525.0,79200,N,78.9062
SST,2024-03-12,2024-03-12T06:00:00.000000,T-210,CAT789C,2206.0,172800,N,68.9375
SST,2024-03-13,2024-03-13T06:00:00.000000,T-210,CAT789C,2393.0,86400,N,74.7812
SST,2024-03-13,2024-03-13T06:00:00.000000,T-210,CAT789C,2770.0,0,N,86.5625
SST,2024-03-14,2024-03-14T06:00:00.000000,T-210,CAT789C,2756.0,86400,N,86.125
SST,2024-03-16,2024-03-16T06:00:00.000000,T-210,CAT789C,2305.0,172800,N,72.0312
SURTIDOR-TRUCKSHOP,2024-03-17,2024-03-17T10:43:24.917000,T-210,CAT789C,2299.0,103404,D,71.8438
SURTIDOR-TRUCKSHOP,2024-03-18,2024-03-18T10:55:01.780000,T-210,CAT789C,1892.0,87096,D,59.125
SURTIDOR-TRUCKSHOP,2024-03-19,2024-03-19T17:50:20.267000,T-210,CAT789C,2262.0,111318,D,70.6875
SST,2024-03-20,2024-03-20T08:00:00.000000,T-210,CAT789C,2423.0,50979,D,75.7188
SURTIDOR-TRUCKSHOP,2024-03-21,2024-03-21T21:33:18.367000,T-210,CAT789C,1703.0,135198,N,53.2188
SST,2024-03-22,2024-03-22T07:00:00.000000,T-210,CAT789C,1000.0,34001,D,31.25
SST,2024-03-23,2024-03-23T07:00:00.000000,T-210,CAT789C,2683.0,86400,D,83.8438
SST,2024-03-24,2024-03-24T08:00:00.000000,T-210,CAT789C,2866.0,90000,D,89.5625
SURTIDOR-TRUCKSHOP,2024-03-25,2024-03-25T15:12:09.407000,T-210,CAT789C,2446.0,112329,D,76.4375
SST,2024-03-26,2024-03-26T08:00:00.000000,T-210,CAT789C,2420.0,60470,D,75.625
SST,2024-03-27,2024-03-27T19:00:00.000000,T-210,CAT789C,2125.0,126000,D,66.4062
SST,2024-03-28,2024-03-28T08:00:00.000000,T-210,CAT789C,2358.0,46800,D,73.6875
SST,2024-03-29,2024-03-29T19:00:00.000000,T-210,CAT789C,2270.0,126000,D,70.9375
SST,2024-03-30,2024-03-30T08:00:00.000000,T-210,CAT789C,2287.0,46800,D,71.4688
P068,2024-03-31,2024-03-31T08:00:00.000000,T-210,CAT789C,2728.0,86400,D,85.25
SST,2024-04-01,2024-04-01T06:00:00.000000,T-210,CAT789C,2886.0,79200,N,90.1875
SST,2024-04-02,2024-04-02T06:00:00.000000,T-210,CAT789C,2432.0,86400,N,76.0
SST,2024-04-04,2024-04-04T07:00:00.000000,T-210,CAT789C,2581.0,176400,D,80.6562
P068,2024-04-04,2024-04-04T19:00:00.000000,T-210,CAT789C,2060.0,43200,D,64.375
SST,2024-04-06,2024-04-06T07:00:00.000000,T-210,CAT789C,2386.0,129600,D,74.5625
SST,2024-04-07,2024-04-07T08:00:00.000000,T-210,CAT789C,2510.0,90000,D,78.4375
P068,2024-04-08,2024-04-08T08:00:00.000000,T-210,CAT789C,1348.0,86400,D,42.125
SST,2024-04-10,2024-04-10T07:00:00.000000,T-210,CAT789C,2348.0,169200,D,73.375
SST,2024-04-11,2024-04-11T07:00:00.000000,T-210,CAT789C,1800.0,86400,D,56.25
SST,2024-04-12,2024-04-12T07:00:00.000000,T-210,CAT789C,1922.0,86400,D,60.0625
SST,2024-04-13,2024-04-13T07:00:00.000000,T-210,CAT789C,2204.0,86400,D,68.875
SST,2024-04-14,2024-04-14T07:00:00.000000,T-210,CAT789C,2066.0,86400,D,64.5625
SST,2024-04-14,2024-04-14T08:00:00.000000,T-210,CAT789C,2242.0,3600,D,70.0625
SST,2024-04-15,2024-04-15T09:00:00.000000,T-210,CAT789C,2271.0,90000,D,70.9688
SST,2024-04-16,2024-04-16T08:00:00.000000,T-210,CAT789C,1905.0,82800,D,59.5312
SST,2024-04-16,2024-04-16T19:00:00.000000,T-210,CAT789C,1976.0,39600,D,61.75
SST,2024-04-17,2024-04-17T19:00:00.000000,T-210,CAT789C,2138.0,86400,D,66.8125
SST,2024-04-18,2024-04-18T19:00:00.000000,T-210,CAT789C,2215.0,86400,D,69.2188
SST,2024-04-21,2024-04-21T19:00:00.000000,T-210,CAT789C,2205.0,259200,D,68.9062
P068,2024-04-22,2024-04-22T19:00:00.000000,T-210,CAT789C,2599.0,86400,D,81.2188
P068,2024-04-23,2024-04-23T19:00:00.000000,T-210,CAT789C,2050.0,86400,D,64.0625
SST,2024-04-24,2024-04-24T19:00:00.000000,T-210,CAT789C,2455.0,86400,D,76.7188
SST,2024-04-25,2024-04-25T19:00:00.000000,T-210,CAT789C,2419.0,86400,D,75.5938
SST,2024-04-27,2024-04-27T19:00:00.000000,T-210,CAT789C,2455.0,172800,D,76.7188
SST,2024-04-28,2024-04-28T19:00:00.000000,T-210,CAT789C,2124.0,86400,D,66.375
SST,2024-04-29,2024-04-29T19:00:00.000000,T-210,CAT789C,2257.0,86400,D,70.5312
SST,2024-04-30,2024-04-30T19:00:00.000000,T-210,CAT789C,2463.0,86400,D,76.9688
SST,2024-05-01,2024-05-01T07:00:00.000000,T-210,CAT789C,2320.0,43200,D,72.5
SST,2024-05-01,2024-05-01T19:00:00.000000,T-210,CAT789C,2293.0,43200,D,71.6562
SST,2024-05-03,2024-05-03T07:00:00.000000,T-210,CAT789C,2087.0,129600,D,65.2188
SST,2024-05-03,2024-05-03T19:00:00.000000,T-210,CAT789C,2258.0,43200,D,70.5625
SST,2024-05-04,2024-05-04T19:00:00.000000,T-210,CAT789C,2288.0,86400,D,71.5
P068,2024-05-05,2024-05-05T08:00:00.000000,T-210,CAT789C,2240.0,46800,D,70.0
P068,2024-05-06,2024-05-06T08:00:00.000000,T-210,CAT789C,1926.0,86400,D,60.1875
SST,2024-05-07,2024-05-07T08:00:00.000000,T-210,CAT789C,2097.0,86400,D,65.5312
SST,2024-05-08,2024-05-08T07:00:00.000000,T-210,CAT789C,2510.0,82800,D,78.4375
SST,2024-05-09,2024-05-09T19:00:00.000000,T-210,CAT789C,2540.0,129600,D,79.375
SST,2024-05-10,2024-05-10T19:00:00.000000,T-210,CAT789C,2170.0,86400,D,67.8125
SST,2024-05-11,2024-05-11T20:00:00.000000,T-210,CAT789C,2237.0,90000,N,69.9062
SST,2024-05-13,2024-05-13T19:00:00.000000,T-210,CAT789C,1942.0,169200,D,60.6875
P068,2024-05-14,2024-05-14T19:00:00.000000,T-210,CAT789C,2320.0,86400,D,72.5
SST,2024-05-15,2024-05-15T07:00:00.000000,T-210,CAT789C,2507.0,43200,D,78.3438
P068,2024-05-16,2024-05-16T19:00:00.000000,T-210,CAT789C,2362.0,129600,D,73.8125
P068,2024-05-17,2024-05-17T19:00:00.000000,T-210,CAT789C,1851.0,86400,D,57.8438
SST,2024-05-18,2024-05-18T07:00:00.000000,T-210,CAT789C,2742.0,43200,D,85.6875
SST,2024-05-18,2024-05-18T19:00:00.000000,T-210,CAT789C,2333.0,43200,D,72.9062
SST,2024-05-19,2024-05-19T19:00:00.000000,T-210,CAT789C,2171.0,86400,D,67.8438
SST,2024-05-21,2024-05-21T07:00:00.000000,T-210,CAT789C,2625.0,129600,D,82.0312
P068,2024-05-21,2024-05-21T19:00:00.000000,T-210,CAT789C,1933.0,43200,D,60.4062
SST,2024-05-23,2024-05-23T19:00:00.000000,T-210,CAT789C,2211.0,172800,D,69.0938
P068,2024-05-24,2024-05-24T07:00:00.000000,T-210,CAT789C,2406.0,43200,D,75.1875
SST,2024-05-25,2024-05-25T07:00:00.000000,T-210,CAT789C,1901.0,86400,D,59.4063
SST,2024-05-26,2024-05-26T08:00:00.000000,T-210,CAT789C,2035.0,90000,D,63.5938
SST,2024-05-26,2024-05-26T19:00:00.000000,T-210,CAT789C,2322.0,39600,D,72.5625
P068,2024-05-27,2024-05-27T08:00:00.000000,T-210,CAT789C,836.0,46800,D,26.125
P068,2024-05-28,2024-05-28T07:00:00.000000,T-210,CAT789C,2664.0,82800,D,83.25
P068,2024-05-29,2024-05-29T17:00:00.000000,T-210,CAT789C,2428.0,122400,D,75.875
SST,2024-05-30,2024-05-30T17:00:00.000000,T-210,CAT789C,2285.0,86400,D,71.4062
SST,2024-07-20,2024-07-20T06:00:00.000000,T-210,CAT789C,2810.0,4366800,N,87.8125
SST,2024-07-21,2024-07-21T08:00:00.000000,T-210,CAT789C,2543.0,93600,D,79.4688
P068,2024-07-22,2024-07-22T08:00:00.000000,T-210,CAT789C,2476.0,86400,D,77.375
P068,2024-07-23,2024-07-23T07:00:00.000000,T-210,CAT789C,2565.0,82800,D,80.1562
SST,2024-07-24,2024-07-24T07:00:00.000000,T-210,CAT789C,2405.0,86400,D,75.1562
SST,2024-07-25,2024-07-25T08:00:00.000000,T-210,CAT789C,2136.0,90000,D,66.75
SST,2024-07-26,2024-07-26T07:00:00.000000,T-210,CAT789C,2310.0,82800,D,72.1875
P068,2024-07-27,2024-07-27T08:00:00.000000,T-210,CAT789C,2330.0,90000,D,72.8125
P068,2024-07-28,2024-07-28T19:00:00.000000,T-210,CAT789C,2410.0,126000,D,75.3125
SST,2024-07-29,2024-07-29T19:00:00.000000,T-210,CAT789C,2047.0,86400,D,63.9688
SST,2024-07-30,2024-07-30T07:00:00.000000,T-210,CAT789C,2027.0,43200,D,63.3438
SST,2024-07-30,2024-07-30T19:00:00.000000,T-210,CAT789C,2125.0,43200,D,66.4062
SST,2024-07-31,2024-07-31T19:00:00.000000,T-210,CAT789C,2182.0,86400,D,68.1875
P068,2024-08-03,2024-08-03T19:00:00.000000,T-210,CAT789C,2300.0,259200,D,71.875
P068,2024-08-05,2024-08-05T19:00:00.000000,T-210,CAT789C,2723.0,172800,D,85.0938
P068,2024-08-06,2024-08-06T19:00:00.000000,T-210,CAT789C,2473.0,86400,D,77.2812
P068,2024-08-08,2024-08-08T19:00:00.000000,T-210,CAT789C,2553.0,172800,D,79.7812
P068,2024-08-09,2024-08-09T19:00:00.000000,T-210,CAT789C,2562.0,86400,D,80.0625
SST,2024-08-10,2024-08-10T19:00:00.000000,T-210,CAT789C,2049.0,86400,D,64.0312
SST,2024-08-11,2024-08-11T19:00:00.000000,T-210,CAT789C,2451.0,86400,D,76.5938
SST,2024-08-12,2024-08-12T07:00:00.000000,T-210,CAT789C,2564.0,43200,D,80.125
P068,2024-08-13,2024-08-13T19:00:00.000000,T-210,CAT789C,2490.0,129600,D,77.8125
P068,2024-08-14,2024-08-14T19:00:00.000000,T-210,CAT789C,2635.0,86400,D,82.3438
SST,2024-08-15,2024-08-15T19:00:00.000000,T-210,CAT789C,2459.0,86400,D,76.8438
SST,2024-08-16,2024-08-16T19:00:00.000000,T-210,CAT789C,2605.0,86400,D,81.4062
P068,2024-08-17,2024-08-17T19:00:00.000000,T-210,CAT789C,2150.0,86400,D,67.1875
P068,2024-08-19,2024-08-19T07:00:00.000000,T-210,CAT789C,2270.0,129600,D,70.9375
SST,2024-08-19,2024-08-19T19:00:00.000000,T-210,CAT789C,2223.0,43200,D,69.4688
SST,2024-08-20,2024-08-20T19:00:00.000000,T-210,CAT789C,2341.0,86400,D,73.1562
P068,2024-08-21,2024-08-21T19:00:00.000000,T-210,CAT789C,2185.0,86400,D,68.2812
SST,2024-08-22,2024-08-22T19:00:00.000000,T-210,CAT789C,2413.0,86400,D,75.4062
SST,2024-08-23,2024-08-23T19:00:00.000000,T-210,CAT789C,2397.0,86400,D,74.9062
SST,2024-08-24,2024-08-24T19:00:00.000000,T-210,CAT789C,2044.0,86400,D,63.875
P068,2024-08-26,2024-08-26T19:00:00.000000,T-210,CAT789C,1200.0,172800,D,37.5
SST,2024-08-27,2024-08-27T19:00:00.000000,T-210,CAT789C,1923.0,86400,D,60.0938
SST,2024-08-28,2024-08-28T07:00:00.000000,T-210,CAT789C,2209.0,43200,D,69.0312
P068,2024-08-29,2024-08-29T19:00:00.000000,T-210,CAT789C,2484.0,129600,D,77.625
SST,2024-08-30,2024-08-30T07:00:00.000000,T-210,CAT789C,2038.0,43200,D,63.6875
SURTIDOR-TRUCKSHOP,2024-09-01,2024-09-01T03:38:47.180000,T-210,CAT789C,2267.0,160727,N,70.8438
SST,2024-09-01,2024-09-01T19:00:00.000000,T-210,CAT789C,1954.0,55272,D,61.0625
SURTIDOR-TRUCKSHOP,2024-09-02,2024-09-02T17:32:40.543000,T-210,CAT789C,2450.0,81160,D,76.5625
P068,2024-09-03,2024-09-03T08:00:00.000000,T-210,CAT789C,2422.0,52039,D,75.6875
SST,2024-09-04,2024-09-04T08:00:00.000000,T-210,CAT789C,2867.0,86400,D,89.5938
SURTIDOR-TRUCKSHOP,2024-09-05,2024-09-05T15:20:52.920000,T-210,CAT789C,2568.0,112852,D,80.25
SST,2024-09-06,2024-09-06T08:00:00.000000,T-210,CAT789C,1872.0,59947,D,58.5
P068,2024-09-07,2024-09-07T08:00:00.000000,T-210,CAT789C,2426.0,86400,D,75.8125
SST,2024-09-08,2024-09-08T08:00:00.000000,T-210,CAT789C,2265.0,86400,D,70.7812
SURTIDOR-TRUCKSHOP,2024-09-08,2024-09-08T15:05:56.993000,T-210,CAT789C,2637.0,25556,D,82.4062
SST,2024-09-09,2024-09-09T08:00:00.000000,T-210,CAT789C,2524.0,60843,D,78.875
SURTIDOR-TRUCKSHOP,2024-09-10,2024-09-10T08:41:46.240000,T-210,CAT789C,2461.0,88906,D,76.9062
SURTIDOR-TRUCKSHOP,2024-09-11,2024-09-11T03:35:04.780000,T-210,CAT789C,2572.0,67998,N,80.375
SST,2024-09-11,2024-09-11T20:00:00.000000,T-210,CAT789C,2013.0,59095,N,62.9062
SST,2024-09-12,2024-09-12T20:00:00.000000,T-210,CAT789C,2506.0,86400,N,78.3125
SST,2024-09-14,2024-09-14T08:00:00.000000,T-210,CAT789C,2806.0,129600,D,87.6875
SST,2024-09-15,2024-09-15T07:00:00.000000,T-210,CAT789C,2256.0,82800,D,70.5
P068,2024-09-16,2024-09-16T06:00:00.000000,T-210,CAT789C,2432.0,82800,N,76.0
P068,2024-09-17,2024-09-17T19:00:00.000000,T-210,CAT789C,2833.0,133200,D,88.5312
SST,2024-09-19,2024-09-19T07:00:00.000000,T-210,CAT789C,2136.0,129600,D,66.75
SST,2024-09-20,2024-09-20T07:00:00.000000,T-210,CAT789C,2580.0,86400,D,80.625
P068,2024-09-21,2024-09-21T19:00:00.000000,T-210,CAT789C,2263.0,129600,D,70.7188
SST,2024-09-22,2024-09-22T19:00:00.000000,T-210,CAT789C,2172.0,86400,D,67.875
SST,2024-09-23,2024-09-23T19:00:00.000000,T-210,CAT789C,2521.0,86400,D,78.7812
SST,2024-09-24,2024-09-24T19:00:00.000000,T-210,CAT789C,2030.0,86400,D,63.4375
SST,2024-09-27,2024-09-27T07:00:00.000000,T-210,CAT789C,1670.0,216000,D,52.1875
P068,2024-09-28,2024-09-28T19:00:00.000000,T-210,CAT789C,2454.0,129600,D,76.6875
SST,2024-09-29,2024-09-29T19:00:00.000000,T-210,CAT789C,2181.0,86400,D,68.1562
SST,2024-09-30,2024-09-30T19:00:00.000000,T-210,CAT789C,2341.0,86400,D,73.1562
SST,2024-10-02,2024-10-02T19:00:00.000000,T-210,CAT789C,1951.0,172800,D,60.9688
SST,2024-10-03,2024-10-03T18:00:00.000000,T-210,CAT789C,2544.0,82800,D,79.5
SST,2024-10-04,2024-10-04T18:00:00.000000,T-210,CAT789C,2382.0,86400,D,74.4375
SST,2024-10-05,2024-10-05T18:00:00.000000,T-210,CAT789C,2056.0,86400,D,64.25
SST,2024-10-09,2024-10-09T19:00:00.000000,T-210,CAT789C,2294.0,349200,D,71.6875
P068,2024-10-11,2024-10-11T07:00:00.000000,T-210,CAT789C,2688.0,129600,D,84.0
SST,2024-10-12,2024-10-12T07:00:00.000000,T-210,CAT789C,2506.0,86400,D,78.3125
SST,2024-10-12,2024-10-12T19:00:00.000000,T-210,CAT789C,2259.0,43200,D,70.5938
P068,2024-10-13,2024-10-13T19:00:00.000000,T-210,CAT789C,2264.0,86400,D,70.75
SST,2024-10-14,2024-10-14T19:00:00.000000,T-210,CAT789C,2484.0,86400,D,77.625
SST,2024-10-15,2024-10-15T08:00:00.000000,T-210,CAT789C,2232.0,46800,D,69.75
SST,2024-10-16,2024-10-16T08:00:00.000000,T-210,CAT789C,2521.0,86400,D,78.7812
SST,2024-10-17,2024-10-17T08:00:00.000000,T-210,CAT789C,2542.0,86400,D,79.4375
SURTIDOR-TRUCKSHOP,2024-10-18,2024-10-18T08:37:23.637000,T-210,CAT789C,2203.0,88643,D,68.8438
P068,2024-10-18,2024-10-18T20:00:00.000000,T-210,CAT789C,2485.0,40956,N,77.6562
SST,2024-10-19,2024-10-19T20:00:00.000000,T-210,CAT789C,2149.0,86400,N,67.1562
SST,2024-10-20,2024-10-20T20:00:00.000000,T-210,CAT789C,2335.0,86400,N,72.9688
SST,2024-10-22,2024-10-22T08:00:00.000000,T-210,CAT789C,1910.0,129600,D,59.6875
P068,2024-10-23,2024-10-23T20:00:00.000000,T-210,CAT789C,2324.0,129600,N,72.625
P068,2024-10-24,2024-10-24T20:00:00.000000,T-210,CAT789C,1951.0,86400,N,60.9688
P068,2024-10-26,2024-10-26T08:00:00.000000,T-210,CAT789C,2376.0,129600,D,74.25
P068,2024-10-27,2024-10-27T07:00:00.000000,T-210,CAT789C,2276.0,82800,D,71.125
P068,2024-10-28,2024-10-28T07:00:00.000000,T-210,CAT789C,2561.0,86400,D,80.0312
P068,2024-10-29,2024-10-29T07:00:00.000000,T-210,CAT789C,2277.0,86400,D,71.1562
P068,2024-10-30,2024-10-30T07:00:00.000000,T-210,CAT789C,1854.0,86400,D,57.9375
SST,2024-10-31,2024-10-31T07:00:00.000000,T-210,CAT789C,2290.0,86400,D,71.5625
SST,2024-11-01,2024-11-01T07:00:00.000000,T-210,CAT789C,2257.0,86400,D,70.5312
SST,2024-11-02,2024-11-02T07:00:00.000000,T-210,CAT789C,2278.0,86400,D,71.1875
SST,2024-11-03,2024-11-03T07:00:00.000000,T-210,CAT789C,2092.0,86400,D,65.375
P068,2024-11-03,2024-11-03T19:00:00.000000,T-210,CAT789C,1033.0,43200,D,32.2812
P068,2024-11-04,2024-11-04T19:00:00.000000,T-210,CAT789C,2290.0,86400,D,71.5625
P068,2024-11-05,2024-11-05T19:00:00.000000,T-210,CAT789C,2321.0,86400,D,72.5312
P068,2024-11-06,2024-11-06T07:00:00.000000,T-210,CAT789C,2000.0,43200,D,62.5
P068,2024-11-07,2024-11-07T07:00:00.000000,T-210,CAT789C,2302.0,86400,D,71.9375
SST,2024-11-07,2024-11-07T19:00:00.000000,T-210,CAT789C,2035.0,43200,D,63.5938
SST,2024-11-08,2024-11-08T19:00:00.000000,T-210,CAT789C,2028.0,86400,D,63.375
SST,2024-11-09,2024-11-09T19:00:00.000000,T-210,CAT789C,2451.0,86400,D,76.5938
SST,2024-11-10,2024-11-10T20:00:00.000000,T-210,CAT789C,2542.0,90000,N,79.4375
SST,2024-11-11,2024-11-11T20:00:00.000000,T-210,CAT789C,2739.0,86400,N,85.5938
P068,2024-11-12,2024-11-12T20:00:00.000000,T-210,CAT789C,2698.0,86400,N,84.3125
SST,2024-11-13,2024-11-13T20:00:00.000000,T-210,CAT789C,2558.0,86400,N,79.9375
SST,2024-11-14,2024-11-14T20:00:00.000000,T-210,CAT789C,2471.0,86400,N,77.2188
SST,2024-11-15,2024-11-15T20:00:00.000000,T-210,CAT789C,2111.0,86400,N,65.9688
SST,2024-11-16,2024-11-16T20:00:00.000000,T-210,CAT789C,1850.0,86400,N,57.8125
SST,2024-11-17,2024-11-17T07:00:00.000000,T-210,CAT789C,2264.0,39600,D,70.75
SST,2024-11-18,2024-11-18T07:00:00.000000,T-210,CAT789C,2570.0,86400,D,80.3125
SST,2024-11-19,2024-11-19T07:00:00.000000,T-210,CAT789C,2435.0,86400,D,76.0938
SST,2024-11-20,2024-11-20T07:00:00.000000,T-210,CAT789C,2713.0,86400,D,84.7812
SST,2024-11-21,2024-11-21T07:00:00.000000,T-210,CAT789C,2510.0,86400,D,78.4375
SURTIDOR-TRUCKSHOP,2024-11-22,2024-11-22T10:15:56.327000,T-210,CAT789C,2599.0,98156,D,81.2188
SST,2024-11-23,2024-11-23T07:00:00.000000,T-210,CAT789C,2477.0,74643,D,77.4062
SST,2024-11-24,2024-11-24T07:00:00.000000,T-210,CAT789C,2751.0,86400,D,85.9688
P068,2024-11-26,2024-11-26T07:00:00.000000,T-210,CAT789C,2668.0,172800,D,83.375
P068,2024-11-27,2024-11-27T07:00:00.000000,T-210,CAT789C,2277.0,86400,D,71.1562
SURTIDOR-TRUCKSHOP,2024-11-28,2024-11-28T04:37:54.860000,T-210,CAT789C,1772.0,77874,N,55.375
P068,2024-11-28,2024-11-28T19:00:00.000000,T-210,CAT789C,2481.0,51725,D,77.5312
P068,2024-11-29,2024-11-29T07:00:00.000000,T-210,CAT789C,2210.0,43200,D,69.0625
SST,2024-11-30,2024-11-30T07:00:00.000000,T-210,CAT789C,1915.0,86400,D,59.8437
SST,2024-11-30,2024-11-30T20:00:00.000000,T-210,CAT789C,2543.0,46800,N,79.4688
SURTIDOR-TRUCKSHOP,2024-12-02,2024-12-02T04:27:25.000000,T-210,CAT789C,2361.0,116845,N,73.7812
SST,2024-12-02,2024-12-02T19:00:00.000000,T-210,CAT789C,2320.0,52355,D,72.5
SST,2024-12-03,2024-12-03T19:00:00.000000,T-210,CAT789C,2406.0,86400,D,75.1875
SST,2024-12-04,2024-12-04T19:00:00.000000,T-210,CAT789C,2320.0,86400,D,72.5
SST,2024-12-05,2024-12-05T07:00:00.000000,T-210,CAT789C,2212.0,43200,D,69.125
SST,2024-12-06,2024-12-06T07:00:00.000000,T-210,CAT789C,2289.0,86400,D,71.5312
SST,2024-12-07,2024-12-07T07:00:00.000000,T-210,CAT789C,2647.0,86400,D,82.7188
SST,2024-12-08,2024-12-08T07:00:00.000000,T-210,CAT789C,2349.0,86400,D,73.4062
SST,2024-12-09,2024-12-09T19:00:00.000000,T-210,CAT789C,2440.0,129600,D,76.25
SST,2024-12-10,2024-12-10T07:00:00.000000,T-210,CAT789C,2325.0,43200,D,72.6562
SURTIDOR-TRUCKSHOP,2024-12-11,2024-12-11T16:35:04.740000,T-210,CAT789C,2458.0,120904,D,76.8125
SURTIDOR-TRUCKSHOP,2024-12-13,2024-12-13T16:45:55.980000,T-210,CAT789C,2428.0,173451,D,75.875
SST,2024-12-13,2024-12-13T19:00:00.000000,T-210,CAT789C,2183.0,8044,D,68.2188
SST,2024-12-14,2024-12-14T19:00:00.000000,T-210,CAT789C,2311.0,86400,D,72.2188
P068,2024-12-15,2024-12-15T19:00:00.000000,T-210,CAT789C,2244.0,86400,D,70.125
SST,2024-12-16,2024-12-16T07:00:00.000000,T-210,CAT789C,2544.0,43200,D,79.5
SST,2024-12-17,2024-12-17T19:00:00.000000,T-210,CAT789C,2000.0,129600,D,62.5
SST,2024-12-18,2024-12-18T19:00:00.000000,T-210,CAT789C,2667.0,86400,D,83.3438
SST,2024-12-20,2024-12-20T07:00:00.000000,T-210,CAT789C,2050.0,129600,D,64.0625
SST,2024-12-20,2024-12-20T19:00:00.000000,T-210,CAT789C,2264.0,43200,D,70.75
SST,2024-12-21,2024-12-21T19:00:00.000000,T-210,CAT789C,2362.0,86400,D,73.8125
P068,2024-12-22,2024-12-22T20:00:00.000000,T-210,CAT789C,2614.0,90000,N,81.6875
SST,2024-12-23,2024-12-23T08:00:00.000000,T-210,CAT789C,2374.0,43200,D,74.1875
SST,2024-12-24,2024-12-24T08:00:00.000000,T-210,CAT789C,2315.0,86400,D,72.3438
SST,2024-12-25,2024-12-25T08:00:00.000000,T-210,CAT789C,2400.0,86400,D,75.0
P068,2024-12-26,2024-12-26T08:00:00.000000,T-210,CAT789C,2600.0,86400,D,81.25
SST,2024-12-26,2024-12-26T20:00:00.000000,T-210,CAT789C,1502.0,43200,N,46.9375
SST,2024-12-27,2024-12-27T08:00:00.000000,T-210,CAT789C,2237.0,43200,D,69.9062
SST,2024-12-28,2024-12-28T07:00:00.000000,T-210,CAT789C,2151.0,82800,D,67.2188
SST,2024-12-29,2024-12-29T07:00:00.000000,T-210,CAT789C,2016.0,86400,D,63.0
SST,2024-12-29,2024-12-29T19:00:00.000000,T-210,CAT789C,2430.0,43200,D,75.9375
SST,2024-12-30,2024-12-30T19:00:00.000000,T-210,CAT789C,2436.0,86400,D,76.125
SST,2024-12-31,2024-12-31T19:00:00.000000,T-210,CAT789C,2203.0,86400,D,68.8438
SST,2025-01-01,2025-01-01T19:00:00.000000,T-210,CAT789C,2474.0,86400,D,77.3125
SST,2025-01-02,2025-01-02T07:00:00.000000,T-210,CAT789C,2560.0,43200,D,80.0
SST,2025-01-03,2025-01-03T07:00:00.000000,T-210,CAT789C,2015.0,86400,D,62.9687
P068,2025-01-04,2025-01-04T07:00:00.000000,T-210,CAT789C,2374.0,86400,D,74.1875
P068,2025-01-04,2025-01-04T19:00:00.000000,T-210,CAT789C,1748.0,43200,D,54.625
P068,2025-01-05,2025-01-05T19:00:00.000000,T-210,CAT789C,2178.0,86400,D,68.0625
P068,2025-01-06,2025-01-06T19:00:00.000000,T-210,CAT789C,2511.0,86400,D,78.4688
SST,2025-01-09,2025-01-09T07:00:00.000000,T-210,CAT789C,2524.0,216000,D,78.875
SST,2025-01-10,2025-01-10T07:00:00.000000,T-210,CAT789C,2160.0,86400,D,67.5
SST,2025-01-11,2025-01-11T07:00:00.000000,T-210,CAT789C,2318.0,86400,D,72.4375
SST,2025-01-12,2025-01-12T07:00:00.000000,T-210,CAT789C,2416.0,86400,D,75.5
SST,2025-01-13,2025-01-13T07:00:00.000000,T-210,CAT789C,2543.0,86400,D,79.4688
SST,2025-01-13,2025-01-13T19:00:00.000000,T-210,CAT789C,2265.0,43200,D,70.7812
SST,2025-01-14,2025-01-14T19:00:00.000000,T-210,CAT789C,2472.0,86400,D,77.25
SST,2025-01-15,2025-01-15T07:00:00.000000,T-210,CAT789C,2402.0,43200,D,75.0625
P068,2025-01-16,2025-01-16T07:00:00.000000,T-210,CAT789C,2821.0,86400,D,88.1562
SST,2025-01-17,2025-01-17T07:00:00.000000,T-210,CAT789C,2544.0,86400,D,79.5
SST,2025-01-18,2025-01-18T07:00:00.000000,T-210,CAT789C,2668.0,86400,D,83.375
P068,2025-01-19,2025-01-19T19:00:00.000000,T-210,CAT789C,2534.0,129600,D,79.1875
SURTIDOR-TRUCKSHOP,2025-01-20,2025-01-20T21:03:45.330000,T-210,CAT789C,2444.0,93825,N,76.375
SST,2025-01-21,2025-01-21T06:00:00.000000,T-210,CAT789C,2372.0,32174,N,74.125
P068,2025-01-22,2025-01-22T06:00:00.000000,T-210,CAT789C,2400.0,86400,N,75.0
SURTIDOR-TRUCKSHOP,2025-01-23,2025-01-23T23:40:39.860000,T-210,CAT789C,2564.0,150039,N,80.125
SST,2025-01-24,2025-01-24T06:00:00.000000,T-210,CAT789C,2645.0,22760,N,82.6562
P068,2025-01-25,2025-01-25T19:00:00.000000,T-210,CAT789C,2648.0,133200,D,82.75
P068,2025-01-26,2025-01-26T19:00:00.000000,T-210,CAT789C,2600.0,86400,D,81.25
P068,2025-01-27,2025-01-27T19:00:00.000000,T-210,CAT789C,2630.0,86400,D,82.1875
P068,2025-01-28,2025-01-28T19:00:00.000000,T-210,CAT789C,2531.0,86400,D,79.0938
P068,2025-01-29,2025-01-29T19:00:00.000000,T-210,CAT789C,2730.0,86400,D,85.3125
SST,2025-01-30,2025-01-30T07:00:00.000000,T-210,CAT789C,2008.0,43200,D,62.75
P068,2025-01-31,2025-01-31T07:00:00.000000,T-210,CAT789C,2505.0,86400,D,78.2812
P068,2025-01-31,2025-01-31T19:00:00.000000,T-210,CAT789C,2393.0,43200,D,74.7812
P068,2025-02-01,2025-02-01T18:00:00.000000,T-210,CAT789C,2281.0,82800,D,71.2812
SST,2025-02-02,2025-02-02T06:00:00.000000,T-210,CAT789C,2243.0,43200,N,70.0938
SST,2025-02-03,2025-02-03T06:00:00.000000,T-210,CAT789C,2281.0,86400,N,71.2812
SST,2025-02-04,2025-02-04T06:00:00.000000,T-210,CAT789C,2248.0,86400,N,70.25
P068,2025-02-05,2025-02-05T06:00:00.000000,T-210,CAT789C,2222.0,86400,N,69.4375
SST,2025-02-05,2025-02-05T19:00:00.000000,T-210,CAT789C,2048.0,46800,D,64.0
SST,2025-02-06,2025-02-06T06:00:00.000000,T-210,CAT789C,2045.0,39600,N,63.9062
SST,2025-02-07,2025-02-07T19:00:00.000000,T-210,CAT789C,2307.0,133200,D,72.0938
SST,2025-02-08,2025-02-08T06:00:00.000000,T-210,CAT789C,2171.0,39600,N,67.8438
SST,2025-02-09,2025-02-09T06:00:00.000000,T-210,CAT789C,2057.0,86400,N,64.2812
SURTIDOR-TRUCKSHOP,2025-02-10,2025-02-10T14:58:04.560000,T-210,CAT789C,1464.0,118684,D,45.75
P068,2025-02-10,2025-02-10T19:00:00.000000,T-210,CAT789C,2370.0,14515,D,74.0625
SURTIDOR-TRUCKSHOP,2025-02-11,2025-02-11T14:35:25.530000,T-210,CAT789C,1527.0,70525,D,47.7188
SURTIDOR-TRUCKSHOP,2025-02-12,2025-02-12T02:40:14.140000,T-210,CAT789C,2350.0,43488,N,73.4375
SST,2025-02-12,2025-02-12T19:00:00.000000,T-210,CAT789C,2376.0,58785,D,74.25
P068,2025-02-13,2025-02-13T19:00:00.000000,T-210,CAT789C,2480.0,86400,D,77.5
P068,2025-02-14,2025-02-14T19:00:00.000000,T-210,CAT789C,2499.0,86400,D,78.0938
P068,2025-02-15,2025-02-15T19:00:00.000000,T-210,CAT789C,2427.0,86400,D,75.8438
SURTIDOR-TRUCKSHOP,2025-02-16,2025-02-16T16:31:07.780000,T-210,CAT789C,2448.0,77467,D,76.5
SURTIDOR-TRUCKSHOP,2025-02-17,2025-02-17T19:35:56.743000,T-210,CAT789C,2576.0,97488,D,80.5
SST,2025-02-18,2025-02-18T07:00:00.000000,T-210,CAT789C,2284.0,41043,D,71.375
P068,2025-02-19,2025-02-19T19:00:00.000000,T-210,CAT789C,2668.0,129600,D,83.375
SST,2025-02-20,2025-02-20T07:00:00.000000,T-210,CAT789C,2731.0,43200,D,85.3438
P068,2025-02-21,2025-02-21T07:00:00.000000,T-210,CAT789C,2310.0,86400,D,72.1875
P068,2025-02-21,2025-02-21T19:00:00.000000,T-210,CAT789C,2427.0,43200,D,75.8438
SURTIDOR-TRUCKSHOP,2025-02-23,2025-02-23T05:40:30.527000,T-210,CAT789C,2385.0,124830,N,74.5312
P068,2025-02-23,2025-02-23T20:00:00.000000,T-210,CAT789C,2424.0,51569,N,75.75
P068,2025-02-24,2025-02-24T20:00:00.000000,T-210,CAT789C,2434.0,86400,N,76.0625
SST,2025-02-25,2025-02-25T08:00:00.000000,T-210,CAT789C,1860.0,43200,D,58.125
P068,2025-02-26,2025-02-26T08:00:00.000000,T-210,CAT789C,2700.0,86400,D,84.375
SST,2025-02-26,2025-02-26T20:00:00.000000,T-210,CAT789C,2549.0,43200,N,79.6562
P068,2025-02-27,2025-02-27T20:00:00.000000,T-210,CAT789C,2512.0,86400,N,78.5
